"HITId","HITTypeId","Title","Description","Keywords","Reward","CreationTime","MaxAssignments","RequesterAnnotation","AssignmentDurationInSeconds","AutoApprovalDelayInSeconds","Expiration","NumberOfSimilarHITs","LifetimeInSeconds","AssignmentId","WorkerId","AssignmentStatus","AcceptTime","SubmitTime","AutoApprovalTime","ApprovalTime","RejectionTime","RequesterFeedback","WorkTimeInSeconds","LifetimeApprovalRate","Last30DaysApprovalRate","Last7DaysApprovalRate","Input.Object_Key","Input.image_url","Answer.taskAnswers","Approve","Reject"
"3PUV2Q8SWQUGJPTUGYQCR5X9O7DDBA","32CVJ4DS8NLNW05T7O8FGAFWAC0KVJ","images version3","Give us your opinion about our products","survey, demographics","$0.01","Thu Sep 26 17:17:42 PDT 2024","20","BatchId:409385;OriginalHitTemplateId:920937243;","3600","259200","Thu Oct 03 17:17:42 PDT 2024","","","3VNL7UK1X29F0FY1XSHO3J1WQESTFH","A17EZEAMF37MGQ","Submitted","Tue Oct 01 14:11:21 PDT 2024","Tue Oct 01 14:11:45 PDT 2024","Fri Oct 04 14:11:45 PDT 2024","","","","24","100% (602/604)","100% (602/604)","100% (205/205)","00000-255.png","https://derrickversion3.s3.us-east-1.amazonaws.com/00000-255.png","[{""category"":{""0"":false,""1"":false,""2"":false,""3"":false,""4"":false,""5"":false,""6"":false,""7"":true,""8"":false,""9"":false},""confidence1"":{""1"":false,""2"":false,""3"":true},""confidence2"":{""1"":false,""2"":false,""3"":true},""confidence3"":{""1"":false,""2"":false,""3"":true},""location"":{""indoors"":false,""outdoors"":true},""type"":{""man-made"":false,""natural"":true}}]"
"3E24UO25RLG1HA3OAGNKRJNGEK96OF","32CVJ4DS8NLNW05T7O8FGAFWAC0KVJ","images version3","Give us your opinion about our products","survey, demographics","$0.01","Thu Sep 26 17:17:42 PDT 2024","20","BatchId:409385;OriginalHitTemplateId:920937243;","3600","259200","Thu Oct 03 17:17:42 PDT 2024","","","320DUZ38GUCR0CYRWI92JYEZTR1GJY","A17EZEAMF37MGQ","Submitted","Tue Oct 01 13:48:16 PDT 2024","Tue Oct 01 13:48:42 PDT 2024","Fri Oct 04 13:48:42 PDT 2024","","","","26","100% (602/604)","100% (602/604)","100% (205/205)","00000-6000.png","https://derrickversion3.s3.us-east-1.amazonaws.com/00000-6000.png","[{""category"":{""0"":false,""1"":false,""2"":false,""3"":false,""4"":false,""5"":false,""6"":false,""7"":true,""8"":false,""9"":false},""confidence1"":{""1"":false,""2"":false,""3"":true},""confidence2"":{""1"":false,""2"":false,""3"":true},""confidence3"":{""1"":false,""2"":false,""3"":true},""location"":{""indoors"":false,""outdoors"":true},""type"":{""man-made"":false,""natural"":true}}]"
"3CZH926SJY41QWMLXER9P99OERX4EO","32CVJ4DS8NLNW05T7O8FGAFWAC0KVJ","images version3","Give us your opinion about our products","survey, demographics","$0.01","Thu Sep 26 17:17:42 PDT 2024","20","BatchId:409385;OriginalHitTemplateId:920937243;","3600","259200","Thu Oct 03 17:17:42 PDT 2024","","","3NC5L260MBCZNNTT1BVP99V9R6BOFQ","A17EZEAMF37MGQ","Submitted","Tue Oct 01 14:11:59 PDT 2024","Tue Oct 01 14:12:19 PDT 2024","Fri Oct 04 14:12:19 PDT 2024","","","","20","100% (602/604)","100% (602/604)","100% (205/205)","00001-255.png","https://derrickversion3.s3.us-east-1.amazonaws.com/00001-255.png","[{""category"":{""0"":false,""1"":false,""2"":false,""3"":false,""4"":false,""5"":false,""6"":false,""7"":true,""8"":false,""9"":false},""confidence1"":{""1"":false,""2"":false,""3"":true},""confidence2"":{""1"":false,""2"":false,""3"":true},""confidence3"":{""1"":false,""2"":false,""3"":true},""location"":{""indoors"":false,""outdoors"":true},""type"":{""man-made"":false,""natural"":true}}]"
"3D42WVSDIUL9UH01HWZMNGYVLTBFY2","32CVJ4DS8NLNW05T7O8FGAFWAC0KVJ","images version3","Give us your opinion about our products","survey, demographics","$0.01","Thu Sep 26 17:17:42 PDT 2024","20","BatchId:409385;OriginalHitTemplateId:920937243;","3600","259200","Thu Oct 03 17:17:42 PDT 2024","","","3570Y55XZC9HV1TQIIA5TLTN6VAGYS","A17EZEAMF37MGQ","Submitted","Tue Oct 01 14:16:42 PDT 2024","Tue Oct 01 14:16:56 PDT 2024","Fri Oct 04 14:16:56 PDT 2024","","","","14","100% (602/604)","100% (602/604)","100% (205/205)","00001-400.png","https://derrickversion3.s3.us-east-1.amazonaws.com/00001-400.png","[{""category"":{""0"":false,""1"":false,""2"":false,""3"":false,""4"":false,""5"":false,""6"":false,""7"":true,""8"":false,""9"":false},""confidence1"":{""1"":false,""2"":false,""3"":true},""confidence2"":{""1"":false,""2"":false,""3"":true},""confidence3"":{""1"":false,""2"":false,""3"":true},""location"":{""indoors"":false,""outdoors"":true},""type"":{""man-made"":false,""natural"":true}}]"
"3WUVMVA7PXTE3GTY22FDNMW6U72AZB","32CVJ4DS8NLNW05T7O8FGAFWAC0KVJ","images version3","Give us your opinion about our products","survey, demographics","$0.01","Thu Sep 26 17:17:42 PDT 2024","20","BatchId:409385;OriginalHitTemplateId:920937243;","3600","259200","Thu Oct 03 17:17:42 PDT 2024","","","3VFJCI1K4MP8Y0H44NIBLP0Q38VRG1","A17EZEAMF37MGQ","Submitted","Tue Oct 01 14:45:41 PDT 2024","Tue Oct 01 14:45:57 PDT 2024","Fri Oct 04 14:45:57 PDT 2024","","","","16","100% (602/604)","100% (602/604)","100% (205/205)","00001-6000.png","https://derrickversion3.s3.us-east-1.amazonaws.com/00001-6000.png","[{""category"":{""0"":false,""1"":false,""2"":false,""3"":false,""4"":false,""5"":false,""6"":false,""7"":false,""8"":true,""9"":false},""confidence1"":{""1"":false,""2"":false,""3"":true},""confidence2"":{""1"":false,""2"":false,""3"":true},""confidence3"":{""1"":false,""2"":false,""3"":true},""location"":{""indoors"":false,""outdoors"":true},""type"":{""man-made"":false,""natural"":true}}]"
"32CXT5U152TJYT69ZHWRA3BW21N8UG","32CVJ4DS8NLNW05T7O8FGAFWAC0KVJ","images version3","Give us your opinion about our products","survey, demographics","$0.01","Thu Sep 26 17:17:42 PDT 2024","20","BatchId:409385;OriginalHitTemplateId:920937243;","3600","259200","Thu Oct 03 17:17:42 PDT 2024","","","3F6KKYWMNYRK7IFL9Q0M6KSJPJQDNP","A17EZEAMF37MGQ","Submitted","Tue Oct 01 13:37:00 PDT 2024","Tue Oct 01 13:37:16 PDT 2024","Fri Oct 04 13:37:16 PDT 2024","","","","16","100% (602/604)","100% (602/604)","100% (205/205)","00002-255.png","https://derrickversion3.s3.us-east-1.amazonaws.com/00002-255.png","[{""category"":{""0"":false,""1"":false,""2"":false,""3"":false,""4"":false,""5"":false,""6"":true,""7"":false,""8"":false,""9"":false},""confidence1"":{""1"":false,""2"":false,""3"":true},""confidence2"":{""1"":false,""2"":false,""3"":true},""confidence3"":{""1"":false,""2"":false,""3"":true},""location"":{""indoors"":false,""outdoors"":true},""type"":{""man-made"":false,""natural"":true}}]"
"3VP28W7DV9A9Z7A6DI151N7XRNFFZT","32CVJ4DS8NLNW05T7O8FGAFWAC0KVJ","images version3","Give us your opinion about our products","survey, demographics","$0.01","Thu Sep 26 17:17:42 PDT 2024","20","BatchId:409385;OriginalHitTemplateId:920937243;","3600","259200","Thu Oct 03 17:17:42 PDT 2024","","","3LOTDFNYAUP7SW2VSXMZQ38VU8AWFA","A17EZEAMF37MGQ","Submitted","Tue Oct 01 14:41:56 PDT 2024","Tue Oct 01 14:42:10 PDT 2024","Fri Oct 04 14:42:10 PDT 2024","","","","14","100% (602/604)","100% (602/604)","100% (205/205)","00002-400.png","https://derrickversion3.s3.us-east-1.amazonaws.com/00002-400.png","[{""category"":{""0"":true,""1"":false,""2"":false,""3"":false,""4"":false,""5"":false,""6"":false,""7"":false,""8"":false,""9"":false},""confidence1"":{""1"":false,""2"":false,""3"":true},""confidence2"":{""1"":false,""2"":false,""3"":true},""confidence3"":{""1"":false,""2"":false,""3"":true},""location"":{""indoors"":false,""outdoors"":true},""type"":{""man-made"":true,""natural"":false}}]"
"31KPKEKW5W3MK5S04M2HCYDQUI4B0F","32CVJ4DS8NLNW05T7O8FGAFWAC0KVJ","images version3","Give us your opinion about our products","survey, demographics","$0.01","Thu Sep 26 17:17:42 PDT 2024","20","BatchId:409385;OriginalHitTemplateId:920937243;","3600","259200","Thu Oct 03 17:17:42 PDT 2024","","","3BF51CHDTI0YY2SGUGHEMTB49I8H0R","A17EZEAMF37MGQ","Submitted","Tue Oct 01 14:18:17 PDT 2024","Tue Oct 01 14:18:31 PDT 2024","Fri Oct 04 14:18:31 PDT 2024","","","","14","100% (602/604)","100% (602/604)","100% (205/205)","00002-6000.png","https://derrickversion3.s3.us-east-1.amazonaws.com/00002-6000.png","[{""category"":{""0"":false,""1"":false,""2"":false,""3"":false,""4"":false,""5"":false,""6"":true,""7"":false,""8"":false,""9"":false},""confidence1"":{""1"":false,""2"":false,""3"":true},""confidence2"":{""1"":false,""2"":false,""3"":true},""confidence3"":{""1"":false,""2"":false,""3"":true},""location"":{""indoors"":false,""outdoors"":true},""type"":{""man-made"":false,""natural"":true}}]"
"3DW3BNF1H38JB8V9476W6PDFG8W8V5","32CVJ4DS8NLNW05T7O8FGAFWAC0KVJ","images version3","Give us your opinion about our products","survey, demographics","$0.01","Thu Sep 26 17:17:42 PDT 2024","20","BatchId:409385;OriginalHitTemplateId:920937243;","3600","259200","Thu Oct 03 17:17:42 PDT 2024","","","3KIBXJ1WDSKA39L72MMMPMNEZ2SOKS","A17EZEAMF37MGQ","Submitted","Tue Oct 01 14:19:01 PDT 2024","Tue Oct 01 14:19:18 PDT 2024","Fri Oct 04 14:19:18 PDT 2024","","","","17","100% (602/604)","100% (602/604)","100% (205/205)","00003-255.png","https://derrickversion3.s3.us-east-1.amazonaws.com/00003-255.png","[{""category"":{""0"":false,""1"":false,""2"":true,""3"":false,""4"":false,""5"":false,""6"":false,""7"":false,""8"":false,""9"":false},""confidence1"":{""1"":false,""2"":false,""3"":true},""confidence2"":{""1"":false,""2"":false,""3"":true},""confidence3"":{""1"":false,""2"":false,""3"":true},""location"":{""indoors"":false,""outdoors"":true},""type"":{""man-made"":true,""natural"":false}}]"
"368IUKXGBRYJ2AFPPG0ZGJS6OP56PW","32CVJ4DS8NLNW05T7O8FGAFWAC0KVJ","images version3","Give us your opinion about our products","survey, demographics","$0.01","Thu Sep 26 17:17:42 PDT 2024","20","BatchId:409385;OriginalHitTemplateId:920937243;","3600","259200","Thu Oct 03 17:17:42 PDT 2024","","","3HFNH7HEM448MZ24R8TBGZQL7MTGQP","A17EZEAMF37MGQ","Submitted","Tue Oct 01 13:57:12 PDT 2024","Tue Oct 01 13:57:29 PDT 2024","Fri Oct 04 13:57:29 PDT 2024","","","","17","100% (602/604)","100% (602/604)","100% (205/205)","00003-400.png","https://derrickversion3.s3.us-east-1.amazonaws.com/00003-400.png","[{""category"":{""0"":false,""1"":false,""2"":false,""3"":false,""4"":false,""5"":false,""6"":true,""7"":false,""8"":false,""9"":false},""confidence1"":{""1"":false,""2"":false,""3"":true},""confidence2"":{""1"":false,""2"":false,""3"":true},""confidence3"":{""1"":false,""2"":false,""3"":true},""location"":{""indoors"":false,""outdoors"":true},""type"":{""man-made"":false,""natural"":true}}]"
"3JMQI2OLGLVIKYIRJOVLI0X35WRDNZ","32CVJ4DS8NLNW05T7O8FGAFWAC0KVJ","images version3","Give us your opinion about our products","survey, demographics","$0.01","Thu Sep 26 17:18:14 PDT 2024","20","BatchId:409385;OriginalHitTemplateId:920937243;","3600","259200","Thu Oct 03 17:18:14 PDT 2024","","","3IXQG4FA2GO63JD7UKQBTT9ZH9X9BF","A17EZEAMF37MGQ","Submitted","Tue Oct 01 13:04:27 PDT 2024","Tue Oct 01 13:04:43 PDT 2024","Fri Oct 04 13:04:43 PDT 2024","","","","16","100% (602/604)","100% (602/604)","100% (205/205)","00003-6000.png","https://derrickversion3.s3.us-east-1.amazonaws.com/00003-6000.png","[{""category"":{""0"":false,""1"":false,""2"":true,""3"":false,""4"":false,""5"":false,""6"":false,""7"":false,""8"":false,""9"":false},""confidence1"":{""1"":false,""2"":false,""3"":true},""confidence2"":{""1"":false,""2"":false,""3"":true},""confidence3"":{""1"":false,""2"":false,""3"":true},""location"":{""indoors"":false,""outdoors"":true},""type"":{""man-made"":true,""natural"":false}}]"
"3GS542CVKHD2RJZ438UX2NERNQC95O","32CVJ4DS8NLNW05T7O8FGAFWAC0KVJ","images version3","Give us your opinion about our products","survey, demographics","$0.01","Thu Sep 26 17:18:14 PDT 2024","20","BatchId:409385;OriginalHitTemplateId:920937243;","3600","259200","Thu Oct 03 17:18:14 PDT 2024","","","3HHRAGRYXVVQMD2GYPVXZD9YO8GO9Y","A17EZEAMF37MGQ","Submitted","Tue Oct 01 14:08:16 PDT 2024","Tue Oct 01 14:08:27 PDT 2024","Fri Oct 04 14:08:27 PDT 2024","","","","11","100% (602/604)","100% (602/604)","100% (205/205)","00004-255.png","https://derrickversion3.s3.us-east-1.amazonaws.com/00004-255.png","[{""category"":{""0"":true,""1"":false,""2"":false,""3"":false,""4"":false,""5"":false,""6"":false,""7"":false,""8"":false,""9"":false},""confidence1"":{""1"":false,""2"":false,""3"":true},""confidence2"":{""1"":false,""2"":false,""3"":true},""confidence3"":{""1"":false,""2"":true,""3"":false},""location"":{""indoors"":false,""outdoors"":true},""type"":{""man-made"":true,""natural"":false}}]"
"3WRBLBQ2HDYIBM0BK8UVD94NAVWG01","32CVJ4DS8NLNW05T7O8FGAFWAC0KVJ","images version3","Give us your opinion about our products","survey, demographics","$0.01","Thu Sep 26 17:17:42 PDT 2024","20","BatchId:409385;OriginalHitTemplateId:920937243;","3600","259200","Thu Oct 03 17:17:42 PDT 2024","","","3JZQSN0I3D0BVACVDSIH40M70KKGFV","A17EZEAMF37MGQ","Submitted","Tue Oct 01 13:34:04 PDT 2024","Tue Oct 01 13:34:20 PDT 2024","Fri Oct 04 13:34:20 PDT 2024","","","","16","100% (602/604)","100% (602/604)","100% (205/205)","00004-400.png","https://derrickversion3.s3.us-east-1.amazonaws.com/00004-400.png","[{""category"":{""0"":false,""1"":false,""2"":true,""3"":false,""4"":false,""5"":false,""6"":false,""7"":false,""8"":false,""9"":false},""confidence1"":{""1"":false,""2"":false,""3"":true},""confidence2"":{""1"":false,""2"":false,""3"":true},""confidence3"":{""1"":false,""2"":true,""3"":false},""location"":{""indoors"":false,""outdoors"":true},""type"":{""man-made"":true,""natural"":false}}]"
"306996CF7IAMRUDI056HQ3W0ZAAB1I","32CVJ4DS8NLNW05T7O8FGAFWAC0KVJ","images version3","Give us your opinion about our products","survey, demographics","$0.01","Thu Sep 26 17:17:42 PDT 2024","20","BatchId:409385;OriginalHitTemplateId:920937243;","3600","259200","Thu Oct 03 17:17:42 PDT 2024","","","3H0W84IWB7SAEMLDYSSNLMFEQSGREK","A17EZEAMF37MGQ","Submitted","Tue Oct 01 14:45:20 PDT 2024","Tue Oct 01 14:45:37 PDT 2024","Fri Oct 04 14:45:37 PDT 2024","","","","17","100% (602/604)","100% (602/604)","100% (205/205)","00004-6000.png","https://derrickversion3.s3.us-east-1.amazonaws.com/00004-6000.png","[{""category"":{""0"":true,""1"":false,""2"":false,""3"":false,""4"":false,""5"":false,""6"":false,""7"":false,""8"":false,""9"":false},""confidence1"":{""1"":false,""2"":false,""3"":true},""confidence2"":{""1"":false,""2"":false,""3"":true},""confidence3"":{""1"":false,""2"":false,""3"":true},""location"":{""indoors"":false,""outdoors"":true},""type"":{""man-made"":true,""natural"":false}}]"
"3UV0D2KX289TWAMHSPBF7RUOQSC4F6","32CVJ4DS8NLNW05T7O8FGAFWAC0KVJ","images version3","Give us your opinion about our products","survey, demographics","$0.01","Thu Sep 26 17:17:42 PDT 2024","20","BatchId:409385;OriginalHitTemplateId:920937243;","3600","259200","Thu Oct 03 17:17:42 PDT 2024","","","30BXRYBRPRNR6ST1NNAZTOK8ANNWH8","A17EZEAMF37MGQ","Submitted","Tue Oct 01 14:42:13 PDT 2024","Tue Oct 01 14:45:17 PDT 2024","Fri Oct 04 14:45:17 PDT 2024","","","","184","100% (602/604)","100% (602/604)","100% (205/205)","00005-255.png","https://derrickversion3.s3.us-east-1.amazonaws.com/00005-255.png","[{""category"":{""0"":false,""1"":false,""2"":false,""3"":false,""4"":false,""5"":false,""6"":false,""7"":false,""8"":true,""9"":false},""confidence1"":{""1"":false,""2"":false,""3"":true},""confidence2"":{""1"":false,""2"":false,""3"":true},""confidence3"":{""1"":false,""2"":false,""3"":true},""location"":{""indoors"":false,""outdoors"":true},""type"":{""man-made"":false,""natural"":true}}]"
"3X2LT8FDII8WQXVEUHBSSRWTNHY8WF","32CVJ4DS8NLNW05T7O8FGAFWAC0KVJ","images version3","Give us your opinion about our products","survey, demographics","$0.01","Thu Sep 26 17:17:43 PDT 2024","20","BatchId:409385;OriginalHitTemplateId:920937243;","3600","259200","Thu Oct 03 17:17:43 PDT 2024","","","34S6N1K2ZI9BVYH2J93XKD3SCGJLH4","A17EZEAMF37MGQ","Submitted","Tue Oct 01 13:51:07 PDT 2024","Tue Oct 01 13:51:19 PDT 2024","Fri Oct 04 13:51:19 PDT 2024","","","","12","100% (602/604)","100% (602/604)","100% (205/205)","00005-400.png","https://derrickversion3.s3.us-east-1.amazonaws.com/00005-400.png","[{""category"":{""0"":true,""1"":false,""2"":false,""3"":false,""4"":false,""5"":false,""6"":false,""7"":false,""8"":false,""9"":false},""confidence1"":{""1"":false,""2"":false,""3"":true},""confidence2"":{""1"":false,""2"":true,""3"":false},""confidence3"":{""1"":false,""2"":true,""3"":false},""location"":{""indoors"":false,""outdoors"":true},""type"":{""man-made"":true,""natural"":false}}]"
"38Z7YZ2SCPSKV6B5RUODDR8L2CMIQT","32CVJ4DS8NLNW05T7O8FGAFWAC0KVJ","images version3","Give us your opinion about our products","survey, demographics","$0.01","Thu Sep 26 17:18:14 PDT 2024","20","BatchId:409385;OriginalHitTemplateId:920937243;","3600","259200","Thu Oct 03 17:18:14 PDT 2024","","","36DSNE9QZSOFSPFPK1MAO7N1KDSOJT","A17EZEAMF37MGQ","Submitted","Tue Oct 01 14:18:36 PDT 2024","Tue Oct 01 14:18:51 PDT 2024","Fri Oct 04 14:18:51 PDT 2024","","","","15","100% (602/604)","100% (602/604)","100% (205/205)","00005-6000.png","https://derrickversion3.s3.us-east-1.amazonaws.com/00005-6000.png","[{""category"":{""0"":false,""1"":false,""2"":false,""3"":false,""4"":false,""5"":false,""6"":false,""7"":false,""8"":false,""9"":true},""confidence1"":{""1"":false,""2"":false,""3"":true},""confidence2"":{""1"":false,""2"":false,""3"":true},""confidence3"":{""1"":false,""2"":true,""3"":false},""location"":{""indoors"":false,""outdoors"":true},""type"":{""man-made"":false,""natural"":true}}]"
"39I4RL8QH57DA6DNNFZFAC6167P4H4","32CVJ4DS8NLNW05T7O8FGAFWAC0KVJ","images version3","Give us your opinion about our products","survey, demographics","$0.01","Thu Sep 26 17:17:47 PDT 2024","20","BatchId:409385;OriginalHitTemplateId:920937243;","3600","259200","Thu Oct 03 17:17:47 PDT 2024","","","3KYQYYSHYIX2P3FXA50ZL9SOFTVDO4","A17EZEAMF37MGQ","Submitted","Tue Oct 01 13:37:54 PDT 2024","Tue Oct 01 13:38:07 PDT 2024","Fri Oct 04 13:38:07 PDT 2024","","","","13","100% (602/604)","100% (602/604)","100% (205/205)","00006-255.png","https://derrickversion3.s3.us-east-1.amazonaws.com/00006-255.png","[{""category"":{""0"":false,""1"":false,""2"":false,""3"":false,""4"":false,""5"":false,""6"":false,""7"":true,""8"":false,""9"":false},""confidence1"":{""1"":false,""2"":false,""3"":true},""confidence2"":{""1"":false,""2"":false,""3"":true},""confidence3"":{""1"":false,""2"":false,""3"":true},""location"":{""indoors"":false,""outdoors"":true},""type"":{""man-made"":false,""natural"":true}}]"
"3QE4DGPGCD1ZAAIC39HXPCU0R7C4G5","32CVJ4DS8NLNW05T7O8FGAFWAC0KVJ","images version3","Give us your opinion about our products","survey, demographics","$0.01","Thu Sep 26 17:17:47 PDT 2024","20","BatchId:409385;OriginalHitTemplateId:920937243;","3600","259200","Thu Oct 03 17:17:47 PDT 2024","","","369J354OF00FCHJKCZFDAU9U7LHG6S","A17EZEAMF37MGQ","Submitted","Tue Oct 01 12:57:43 PDT 2024","Tue Oct 01 12:58:00 PDT 2024","Fri Oct 04 12:58:00 PDT 2024","","","","17","100% (602/604)","100% (602/604)","100% (205/205)","00006-400.png","https://derrickversion3.s3.us-east-1.amazonaws.com/00006-400.png","[{""category"":{""0"":false,""1"":false,""2"":false,""3"":false,""4"":false,""5"":false,""6"":false,""7"":false,""8"":true,""9"":false},""confidence1"":{""1"":false,""2"":false,""3"":true},""confidence2"":{""1"":false,""2"":false,""3"":true},""confidence3"":{""1"":false,""2"":false,""3"":true},""location"":{""indoors"":false,""outdoors"":true},""type"":{""man-made"":false,""natural"":true}}]"
"3GKAWYFRBBJINJU4Z38DMP2Y5BSDPV","32CVJ4DS8NLNW05T7O8FGAFWAC0KVJ","images version3","Give us your opinion about our products","survey, demographics","$0.01","Thu Sep 26 17:18:14 PDT 2024","20","BatchId:409385;OriginalHitTemplateId:920937243;","3600","259200","Thu Oct 03 17:18:14 PDT 2024","","","34S9DKFK7QFN5TAC5MN0J52K77WNY7","A17EZEAMF37MGQ","Submitted","Tue Oct 01 13:50:42 PDT 2024","Tue Oct 01 13:51:03 PDT 2024","Fri Oct 04 13:51:03 PDT 2024","","","","21","100% (602/604)","100% (602/604)","100% (205/205)","00006-6000.png","https://derrickversion3.s3.us-east-1.amazonaws.com/00006-6000.png","[{""category"":{""0"":false,""1"":false,""2"":false,""3"":false,""4"":false,""5"":false,""6"":false,""7"":true,""8"":false,""9"":false},""confidence1"":{""1"":false,""2"":false,""3"":true},""confidence2"":{""1"":false,""2"":false,""3"":true},""confidence3"":{""1"":false,""2"":false,""3"":true},""location"":{""indoors"":false,""outdoors"":true},""type"":{""man-made"":false,""natural"":true}}]"
"3QMELQS6ZR14ENV4284OLESLP7T6RO","32CVJ4DS8NLNW05T7O8FGAFWAC0KVJ","images version3","Give us your opinion about our products","survey, demographics","$0.01","Thu Sep 26 17:17:50 PDT 2024","20","BatchId:409385;OriginalHitTemplateId:920937243;","3600","259200","Thu Oct 03 17:17:50 PDT 2024","","","3H7XDTSHKZHD6WYQ3HSH8O87VNAGWT","A17EZEAMF37MGQ","Submitted","Tue Oct 01 14:15:38 PDT 2024","Tue Oct 01 14:15:57 PDT 2024","Fri Oct 04 14:15:57 PDT 2024","","","","19","100% (602/604)","100% (602/604)","100% (205/205)","00007-255.png","https://derrickversion3.s3.us-east-1.amazonaws.com/00007-255.png","[{""category"":{""0"":false,""1"":false,""2"":false,""3"":false,""4"":false,""5"":true,""6"":false,""7"":false,""8"":false,""9"":false},""confidence1"":{""1"":false,""2"":false,""3"":true},""confidence2"":{""1"":false,""2"":false,""3"":true},""confidence3"":{""1"":false,""2"":true,""3"":false},""location"":{""indoors"":true,""outdoors"":false},""type"":{""man-made"":true,""natural"":false}}]"
"3MQY1YVHTPATGFVEJ96VVM65RGOB2Z","32CVJ4DS8NLNW05T7O8FGAFWAC0KVJ","images version3","Give us your opinion about our products","survey, demographics","$0.01","Thu Sep 26 17:17:47 PDT 2024","20","BatchId:409385;OriginalHitTemplateId:920937243;","3600","259200","Thu Oct 03 17:17:47 PDT 2024","","","386PBUZZX2N7M4CS796IWQJ7P8NLJ9","A17EZEAMF37MGQ","Submitted","Tue Oct 01 13:56:54 PDT 2024","Tue Oct 01 13:57:08 PDT 2024","Fri Oct 04 13:57:08 PDT 2024","","","","14","100% (602/604)","100% (602/604)","100% (205/205)","00007-400.png","https://derrickversion3.s3.us-east-1.amazonaws.com/00007-400.png","[{""category"":{""0"":false,""1"":false,""2"":false,""3"":true,""4"":false,""5"":false,""6"":false,""7"":false,""8"":false,""9"":false},""confidence1"":{""1"":false,""2"":false,""3"":true},""confidence2"":{""1"":false,""2"":false,""3"":true},""confidence3"":{""1"":false,""2"":true,""3"":false},""location"":{""indoors"":false,""outdoors"":true},""type"":{""man-made"":true,""natural"":false}}]"
"3V7ICJJA0W63JTA1NNPJO133BUKB4V","32CVJ4DS8NLNW05T7O8FGAFWAC0KVJ","images version3","Give us your opinion about our products","survey, demographics","$0.01","Thu Sep 26 17:17:50 PDT 2024","20","BatchId:409385;OriginalHitTemplateId:920937243;","3600","259200","Thu Oct 03 17:17:50 PDT 2024","","","3DYGAII7P8YEZCV3URJYA84D8DGQP3","A17EZEAMF37MGQ","Submitted","Tue Oct 01 13:54:31 PDT 2024","Tue Oct 01 13:54:43 PDT 2024","Fri Oct 04 13:54:43 PDT 2024","","","","12","100% (602/604)","100% (602/604)","100% (205/205)","00007-6000.png","https://derrickversion3.s3.us-east-1.amazonaws.com/00007-6000.png","[{""category"":{""0"":false,""1"":false,""2"":false,""3"":false,""4"":true,""5"":false,""6"":false,""7"":false,""8"":false,""9"":false},""confidence1"":{""1"":false,""2"":false,""3"":true},""confidence2"":{""1"":false,""2"":true,""3"":false},""confidence3"":{""1"":false,""2"":true,""3"":false},""location"":{""indoors"":true,""outdoors"":false},""type"":{""man-made"":true,""natural"":false}}]"
"3WJGKMRWW4ZZTUL0UYM72P3R6SDDCH","32CVJ4DS8NLNW05T7O8FGAFWAC0KVJ","images version3","Give us your opinion about our products","survey, demographics","$0.01","Thu Sep 26 17:17:50 PDT 2024","20","BatchId:409385;OriginalHitTemplateId:920937243;","3600","259200","Thu Oct 03 17:17:50 PDT 2024","","","3LS2AMNW52GWECJ2FR6JL8ZNY8KQOM","A17EZEAMF37MGQ","Submitted","Tue Oct 01 13:52:22 PDT 2024","Tue Oct 01 13:52:44 PDT 2024","Fri Oct 04 13:52:44 PDT 2024","","","","22","100% (602/604)","100% (602/604)","100% (205/205)","00008-255.png","https://derrickversion3.s3.us-east-1.amazonaws.com/00008-255.png","[{""category"":{""0"":false,""1"":true,""2"":false,""3"":false,""4"":false,""5"":false,""6"":false,""7"":false,""8"":false,""9"":false},""confidence1"":{""1"":false,""2"":false,""3"":true},""confidence2"":{""1"":false,""2"":false,""3"":true},""confidence3"":{""1"":false,""2"":false,""3"":true},""location"":{""indoors"":true,""outdoors"":false},""type"":{""man-made"":true,""natural"":false}}]"
"3NZ1E5QA7LRLFCE11S8TTT9HBQFB50","32CVJ4DS8NLNW05T7O8FGAFWAC0KVJ","images version3","Give us your opinion about our products","survey, demographics","$0.01","Thu Sep 26 17:17:50 PDT 2024","20","BatchId:409385;OriginalHitTemplateId:920937243;","3600","259200","Thu Oct 03 17:17:50 PDT 2024","","","38SKSKU7RONBRTSMPRLIKP47CTYLIX","A17EZEAMF37MGQ","Submitted","Tue Oct 01 13:56:02 PDT 2024","Tue Oct 01 13:56:26 PDT 2024","Fri Oct 04 13:56:26 PDT 2024","","","","24","100% (602/604)","100% (602/604)","100% (205/205)","00008-400.png","https://derrickversion3.s3.us-east-1.amazonaws.com/00008-400.png","[{""category"":{""0"":false,""1"":false,""2"":false,""3"":false,""4"":false,""5"":true,""6"":false,""7"":false,""8"":false,""9"":false},""confidence1"":{""1"":false,""2"":false,""3"":true},""confidence2"":{""1"":false,""2"":false,""3"":true},""confidence3"":{""1"":false,""2"":true,""3"":false},""location"":{""indoors"":true,""outdoors"":false},""type"":{""man-made"":true,""natural"":false}}]"
"3DIIW4IV9BLD61O7TXH0AO7G6K44IX","32CVJ4DS8NLNW05T7O8FGAFWAC0KVJ","images version3","Give us your opinion about our products","survey, demographics","$0.01","Thu Sep 26 17:17:50 PDT 2024","20","BatchId:409385;OriginalHitTemplateId:920937243;","3600","259200","Thu Oct 03 17:17:50 PDT 2024","","","3YGXWBAF7N7OGIZ1RPQFN541D2J4CL","A17EZEAMF37MGQ","Submitted","Tue Oct 01 13:25:23 PDT 2024","Tue Oct 01 13:26:04 PDT 2024","Fri Oct 04 13:26:04 PDT 2024","","","","41","100% (602/604)","100% (602/604)","100% (205/205)","00008-6000.png","https://derrickversion3.s3.us-east-1.amazonaws.com/00008-6000.png","[{""category"":{""0"":false,""1"":true,""2"":false,""3"":false,""4"":false,""5"":false,""6"":false,""7"":false,""8"":false,""9"":false},""confidence1"":{""1"":false,""2"":false,""3"":true},""confidence2"":{""1"":false,""2"":false,""3"":true},""confidence3"":{""1"":false,""2"":false,""3"":true},""location"":{""indoors"":true,""outdoors"":false},""type"":{""man-made"":true,""natural"":false}}]"
"33K3E8REXILBFX044M7EUAA0WJ48X8","32CVJ4DS8NLNW05T7O8FGAFWAC0KVJ","images version3","Give us your opinion about our products","survey, demographics","$0.01","Thu Sep 26 17:17:50 PDT 2024","20","BatchId:409385;OriginalHitTemplateId:920937243;","3600","259200","Thu Oct 03 17:17:50 PDT 2024","","","3MTMREQS4I8CW5LNHH07C2X4XSXWAX","A17EZEAMF37MGQ","Submitted","Tue Oct 01 14:36:14 PDT 2024","Tue Oct 01 14:36:27 PDT 2024","Fri Oct 04 14:36:27 PDT 2024","","","","13","100% (602/604)","100% (602/604)","100% (205/205)","00009-255.png","https://derrickversion3.s3.us-east-1.amazonaws.com/00009-255.png","[{""category"":{""0"":false,""1"":false,""2"":true,""3"":false,""4"":false,""5"":false,""6"":false,""7"":false,""8"":false,""9"":false},""confidence1"":{""1"":false,""2"":false,""3"":true},""confidence2"":{""1"":false,""2"":false,""3"":true},""confidence3"":{""1"":false,""2"":false,""3"":true},""location"":{""indoors"":false,""outdoors"":true},""type"":{""man-made"":true,""natural"":false}}]"
"3VDVA3ILJZ5IIBLTGRYVRENXFN2G14","32CVJ4DS8NLNW05T7O8FGAFWAC0KVJ","images version3","Give us your opinion about our products","survey, demographics","$0.01","Thu Sep 26 17:17:50 PDT 2024","20","BatchId:409385;OriginalHitTemplateId:920937243;","3600","259200","Thu Oct 03 17:17:50 PDT 2024","","","3MAOD8E57D0Y5OK20Q1Y0RVB512NX1","A17EZEAMF37MGQ","Submitted","Tue Oct 01 13:43:55 PDT 2024","Tue Oct 01 13:44:09 PDT 2024","Fri Oct 04 13:44:09 PDT 2024","","","","14","100% (602/604)","100% (602/604)","100% (205/205)","00009-400.png","https://derrickversion3.s3.us-east-1.amazonaws.com/00009-400.png","[{""category"":{""0"":false,""1"":true,""2"":false,""3"":false,""4"":false,""5"":false,""6"":false,""7"":false,""8"":false,""9"":false},""confidence1"":{""1"":false,""2"":false,""3"":true},""confidence2"":{""1"":false,""2"":false,""3"":true},""confidence3"":{""1"":false,""2"":false,""3"":true},""location"":{""indoors"":true,""outdoors"":false},""type"":{""man-made"":true,""natural"":false}}]"
"3HXK2V1N565P7W3PZVY9WXX27TGG2L","32CVJ4DS8NLNW05T7O8FGAFWAC0KVJ","images version3","Give us your opinion about our products","survey, demographics","$0.01","Thu Sep 26 17:17:50 PDT 2024","20","BatchId:409385;OriginalHitTemplateId:920937243;","3600","259200","Thu Oct 03 17:17:50 PDT 2024","","","3PQMUDRV7EW91SKG4OO5S9CFVP4IIG","A17EZEAMF37MGQ","Submitted","Tue Oct 01 12:56:57 PDT 2024","Tue Oct 01 12:57:40 PDT 2024","Fri Oct 04 12:57:40 PDT 2024","","","","43","100% (602/604)","100% (602/604)","100% (205/205)","00009-6000.png","https://derrickversion3.s3.us-east-1.amazonaws.com/00009-6000.png","[{""category"":{""0"":false,""1"":false,""2"":true,""3"":false,""4"":false,""5"":false,""6"":false,""7"":false,""8"":false,""9"":false},""confidence1"":{""1"":false,""2"":false,""3"":true},""confidence2"":{""1"":false,""2"":false,""3"":true},""confidence3"":{""1"":false,""2"":false,""3"":true},""location"":{""indoors"":false,""outdoors"":true},""type"":{""man-made"":true,""natural"":false}}]"
"3OEWW2KGR5102JI3K3VYXPX8V6WDOE","32CVJ4DS8NLNW05T7O8FGAFWAC0KVJ","images version3","Give us your opinion about our products","survey, demographics","$0.01","Thu Sep 26 17:18:14 PDT 2024","20","BatchId:409385;OriginalHitTemplateId:920937243;","3600","259200","Thu Oct 03 17:18:14 PDT 2024","","","3STRJBFXOJHQG1QFY38LJWT1YA9TKJ","A17EZEAMF37MGQ","Submitted","Tue Oct 01 14:19:30 PDT 2024","Tue Oct 01 14:19:59 PDT 2024","Fri Oct 04 14:19:59 PDT 2024","","","","29","100% (602/604)","100% (602/604)","100% (205/205)","00010-255.png","https://derrickversion3.s3.us-east-1.amazonaws.com/00010-255.png","[{""category"":{""0"":false,""1"":true,""2"":false,""3"":false,""4"":false,""5"":false,""6"":false,""7"":false,""8"":false,""9"":false},""confidence1"":{""1"":false,""2"":false,""3"":true},""confidence2"":{""1"":false,""2"":false,""3"":true},""confidence3"":{""1"":false,""2"":true,""3"":false},""location"":{""indoors"":true,""outdoors"":false},""type"":{""man-made"":true,""natural"":false}}]"
"3L4YG5VWA9I9YMREUUHIMVL9RSPDDH","32CVJ4DS8NLNW05T7O8FGAFWAC0KVJ","images version3","Give us your opinion about our products","survey, demographics","$0.01","Thu Sep 26 17:17:50 PDT 2024","20","BatchId:409385;OriginalHitTemplateId:920937243;","3600","259200","Thu Oct 03 17:17:50 PDT 2024","","","33SA9F9TRKKFMI2ZXM2T8LNVI7VWES","A17EZEAMF37MGQ","Submitted","Tue Oct 01 14:39:54 PDT 2024","Tue Oct 01 14:40:13 PDT 2024","Fri Oct 04 14:40:13 PDT 2024","","","","19","100% (602/604)","100% (602/604)","100% (205/205)","00010-400.png","https://derrickversion3.s3.us-east-1.amazonaws.com/00010-400.png","[{""category"":{""0"":false,""1"":false,""2"":true,""3"":false,""4"":false,""5"":false,""6"":false,""7"":false,""8"":false,""9"":false},""confidence1"":{""1"":false,""2"":false,""3"":true},""confidence2"":{""1"":false,""2"":false,""3"":true},""confidence3"":{""1"":false,""2"":false,""3"":true},""location"":{""indoors"":false,""outdoors"":true},""type"":{""man-made"":true,""natural"":false}}]"
"3MZ3TAMYU7DK77Q549DDIHIQYYOIRU","32CVJ4DS8NLNW05T7O8FGAFWAC0KVJ","images version3","Give us your opinion about our products","survey, demographics","$0.01","Thu Sep 26 17:18:14 PDT 2024","20","BatchId:409385;OriginalHitTemplateId:920937243;","3600","259200","Thu Oct 03 17:18:14 PDT 2024","","","3X31TUMD7KC0RNWOHK0CSQNLVRNL15","A17EZEAMF37MGQ","Submitted","Tue Oct 01 13:01:13 PDT 2024","Tue Oct 01 13:01:34 PDT 2024","Fri Oct 04 13:01:34 PDT 2024","","","","21","100% (602/604)","100% (602/604)","100% (205/205)","00010-6000.png","https://derrickversion3.s3.us-east-1.amazonaws.com/00010-6000.png","[{""category"":{""0"":false,""1"":true,""2"":false,""3"":false,""4"":false,""5"":false,""6"":false,""7"":false,""8"":false,""9"":false},""confidence1"":{""1"":false,""2"":false,""3"":true},""confidence2"":{""1"":false,""2"":false,""3"":true},""confidence3"":{""1"":false,""2"":true,""3"":false},""location"":{""indoors"":true,""outdoors"":false},""type"":{""man-made"":true,""natural"":false}}]"
"31MCUE39C6CESEZ83VCEF72UD7GG3W","32CVJ4DS8NLNW05T7O8FGAFWAC0KVJ","images version3","Give us your opinion about our products","survey, demographics","$0.01","Thu Sep 26 17:17:53 PDT 2024","20","BatchId:409385;OriginalHitTemplateId:920937243;","3600","259200","Thu Oct 03 17:17:53 PDT 2024","","","3GLB5JMZFKLEXQYZMMNRG0JMO74GDK","A17EZEAMF37MGQ","Submitted","Tue Oct 01 13:28:19 PDT 2024","Tue Oct 01 13:28:39 PDT 2024","Fri Oct 04 13:28:39 PDT 2024","","","","20","100% (602/604)","100% (602/604)","100% (205/205)","00011-255.png","https://derrickversion3.s3.us-east-1.amazonaws.com/00011-255.png","[{""category"":{""0"":true,""1"":false,""2"":false,""3"":false,""4"":false,""5"":false,""6"":false,""7"":false,""8"":false,""9"":false},""confidence1"":{""1"":false,""2"":false,""3"":true},""confidence2"":{""1"":false,""2"":false,""3"":true},""confidence3"":{""1"":false,""2"":false,""3"":true},""location"":{""indoors"":false,""outdoors"":true},""type"":{""man-made"":true,""natural"":false}}]"
"3L2OEKSTXV00F2QE9ITGDOH9YPY8YE","32CVJ4DS8NLNW05T7O8FGAFWAC0KVJ","images version3","Give us your opinion about our products","survey, demographics","$0.01","Thu Sep 26 17:17:53 PDT 2024","20","BatchId:409385;OriginalHitTemplateId:920937243;","3600","259200","Thu Oct 03 17:17:53 PDT 2024","","","3WLEIWSYHB75UCVU93LS5H4J6GSH2B","A17EZEAMF37MGQ","Submitted","Tue Oct 01 14:27:17 PDT 2024","Tue Oct 01 14:27:47 PDT 2024","Fri Oct 04 14:27:47 PDT 2024","","","","30","100% (602/604)","100% (602/604)","100% (205/205)","00011-400.png","https://derrickversion3.s3.us-east-1.amazonaws.com/00011-400.png","[{""category"":{""0"":false,""1"":false,""2"":false,""3"":false,""4"":false,""5"":true,""6"":false,""7"":false,""8"":false,""9"":false},""confidence1"":{""1"":false,""2"":false,""3"":true},""confidence2"":{""1"":false,""2"":false,""3"":true},""confidence3"":{""1"":false,""2"":true,""3"":false},""location"":{""indoors"":true,""outdoors"":false},""type"":{""man-made"":true,""natural"":false}}]"
"36MUZ9VAFSSEQS5EQPS2SD3UR4QDEA","32CVJ4DS8NLNW05T7O8FGAFWAC0KVJ","images version3","Give us your opinion about our products","survey, demographics","$0.01","Thu Sep 26 17:17:53 PDT 2024","20","BatchId:409385;OriginalHitTemplateId:920937243;","3600","259200","Thu Oct 03 17:17:53 PDT 2024","","","358UUM7WRMTP5763BKEHFCNX45CR7Y","A17EZEAMF37MGQ","Submitted","Tue Oct 01 14:29:32 PDT 2024","Tue Oct 01 14:29:47 PDT 2024","Fri Oct 04 14:29:47 PDT 2024","","","","15","100% (602/604)","100% (602/604)","100% (205/205)","00011-6000.png","https://derrickversion3.s3.us-east-1.amazonaws.com/00011-6000.png","[{""category"":{""0"":true,""1"":false,""2"":false,""3"":false,""4"":false,""5"":false,""6"":false,""7"":false,""8"":false,""9"":false},""confidence1"":{""1"":false,""2"":false,""3"":true},""confidence2"":{""1"":false,""2"":false,""3"":true},""confidence3"":{""1"":false,""2"":false,""3"":true},""location"":{""indoors"":false,""outdoors"":true},""type"":{""man-made"":true,""natural"":false}}]"
"3QE4DGPGCD1ZAAIC39HXPCU0R7CG4H","32CVJ4DS8NLNW05T7O8FGAFWAC0KVJ","images version3","Give us your opinion about our products","survey, demographics","$0.01","Thu Sep 26 17:17:54 PDT 2024","20","BatchId:409385;OriginalHitTemplateId:920937243;","3600","259200","Thu Oct 03 17:17:54 PDT 2024","","","3LO69W1SUQ3XV2MRZ3LFZDRRXG6LG5","A17EZEAMF37MGQ","Submitted","Tue Oct 01 13:48:45 PDT 2024","Tue Oct 01 13:48:56 PDT 2024","Fri Oct 04 13:48:56 PDT 2024","","","","11","100% (602/604)","100% (602/604)","100% (205/205)","00012-255.png","https://derrickversion3.s3.us-east-1.amazonaws.com/00012-255.png","[{""category"":{""0"":false,""1"":false,""2"":false,""3"":false,""4"":false,""5"":false,""6"":true,""7"":false,""8"":false,""9"":false},""confidence1"":{""1"":false,""2"":false,""3"":true},""confidence2"":{""1"":false,""2"":false,""3"":true},""confidence3"":{""1"":false,""2"":false,""3"":true},""location"":{""indoors"":false,""outdoors"":true},""type"":{""man-made"":false,""natural"":true}}]"
"3PUV2Q8SWQUGJPTUGYQCR5X9O7DBD8","32CVJ4DS8NLNW05T7O8FGAFWAC0KVJ","images version3","Give us your opinion about our products","survey, demographics","$0.01","Thu Sep 26 17:18:14 PDT 2024","20","BatchId:409385;OriginalHitTemplateId:920937243;","3600","259200","Thu Oct 03 17:18:14 PDT 2024","","","3KYQYYSHYIX2P3FXA50ZL9SOFTVODF","A17EZEAMF37MGQ","Submitted","Tue Oct 01 14:11:04 PDT 2024","Tue Oct 01 14:11:17 PDT 2024","Fri Oct 04 14:11:17 PDT 2024","","","","13","100% (602/604)","100% (602/604)","100% (205/205)","00012-400.png","https://derrickversion3.s3.us-east-1.amazonaws.com/00012-400.png","[{""category"":{""0"":true,""1"":false,""2"":false,""3"":false,""4"":false,""5"":false,""6"":false,""7"":false,""8"":false,""9"":false},""confidence1"":{""1"":false,""2"":false,""3"":true},""confidence2"":{""1"":false,""2"":false,""3"":true},""confidence3"":{""1"":false,""2"":true,""3"":false},""location"":{""indoors"":false,""outdoors"":true},""type"":{""man-made"":true,""natural"":false}}]"
"3QI9WAYOHC1GF2VHHX4TBOXHB9C6SC","32CVJ4DS8NLNW05T7O8FGAFWAC0KVJ","images version3","Give us your opinion about our products","survey, demographics","$0.01","Thu Sep 26 17:17:55 PDT 2024","20","BatchId:409385;OriginalHitTemplateId:920937243;","3600","259200","Thu Oct 03 17:17:55 PDT 2024","","","3WI0P0II6OI5MG7D2XH3F4XTQGFDRD","A17EZEAMF37MGQ","Submitted","Tue Oct 01 13:41:38 PDT 2024","Tue Oct 01 13:43:39 PDT 2024","Fri Oct 04 13:43:39 PDT 2024","","","","121","100% (602/604)","100% (602/604)","100% (205/205)","00012-6000.png","https://derrickversion3.s3.us-east-1.amazonaws.com/00012-6000.png","[{""category"":{""0"":false,""1"":false,""2"":false,""3"":false,""4"":false,""5"":false,""6"":true,""7"":false,""8"":false,""9"":false},""confidence1"":{""1"":false,""2"":false,""3"":true},""confidence2"":{""1"":false,""2"":false,""3"":true},""confidence3"":{""1"":false,""2"":false,""3"":true},""location"":{""indoors"":false,""outdoors"":true},""type"":{""man-made"":false,""natural"":true}}]"
"3OID399FY2X6W65AL0C8AVOU355DFS","32CVJ4DS8NLNW05T7O8FGAFWAC0KVJ","images version3","Give us your opinion about our products","survey, demographics","$0.01","Thu Sep 26 17:17:55 PDT 2024","20","BatchId:409385;OriginalHitTemplateId:920937243;","3600","259200","Thu Oct 03 17:17:55 PDT 2024","","","3WI0P0II6OI5MG7D2XH3F4XTQGFRDR","A17EZEAMF37MGQ","Submitted","Tue Oct 01 14:41:07 PDT 2024","Tue Oct 01 14:41:21 PDT 2024","Fri Oct 04 14:41:21 PDT 2024","","","","14","100% (602/604)","100% (602/604)","100% (205/205)","00013-255.png","https://derrickversion3.s3.us-east-1.amazonaws.com/00013-255.png","[{""category"":{""0"":false,""1"":false,""2"":false,""3"":false,""4"":false,""5"":false,""6"":false,""7"":false,""8"":true,""9"":false},""confidence1"":{""1"":false,""2"":false,""3"":true},""confidence2"":{""1"":false,""2"":false,""3"":true},""confidence3"":{""1"":false,""2"":false,""3"":true},""location"":{""indoors"":false,""outdoors"":true},""type"":{""man-made"":false,""natural"":true}}]"
"33NOQL7TAAP0KS0J54VZRVQB4J28Z5","32CVJ4DS8NLNW05T7O8FGAFWAC0KVJ","images version3","Give us your opinion about our products","survey, demographics","$0.01","Thu Sep 26 17:17:55 PDT 2024","20","BatchId:409385;OriginalHitTemplateId:920937243;","3600","259200","Thu Oct 03 17:17:55 PDT 2024","","","38SKSKU7RONBRTSMPRLIKP47CTYILU","A17EZEAMF37MGQ","Submitted","Tue Oct 01 13:30:47 PDT 2024","Tue Oct 01 13:31:00 PDT 2024","Fri Oct 04 13:31:00 PDT 2024","","","","13","100% (602/604)","100% (602/604)","100% (205/205)","00013-400.png","https://derrickversion3.s3.us-east-1.amazonaws.com/00013-400.png","[{""category"":{""0"":false,""1"":false,""2"":false,""3"":false,""4"":false,""5"":false,""6"":true,""7"":false,""8"":false,""9"":false},""confidence1"":{""1"":false,""2"":false,""3"":true},""confidence2"":{""1"":false,""2"":false,""3"":true},""confidence3"":{""1"":false,""2"":true,""3"":false},""location"":{""indoors"":false,""outdoors"":true},""type"":{""man-made"":false,""natural"":true}}]"
"3K1H3NEY87PCA615WKIQSGO64K5DGR","32CVJ4DS8NLNW05T7O8FGAFWAC0KVJ","images version3","Give us your opinion about our products","survey, demographics","$0.01","Thu Sep 26 17:17:55 PDT 2024","20","BatchId:409385;OriginalHitTemplateId:920937243;","3600","259200","Thu Oct 03 17:17:55 PDT 2024","","","3MD9PLUKK54NAJKH18PJXCBMD10NZY","A17EZEAMF37MGQ","Submitted","Tue Oct 01 13:54:13 PDT 2024","Tue Oct 01 13:54:27 PDT 2024","Fri Oct 04 13:54:27 PDT 2024","","","","14","100% (602/604)","100% (602/604)","100% (205/205)","00013-6000.png","https://derrickversion3.s3.us-east-1.amazonaws.com/00013-6000.png","[{""category"":{""0"":false,""1"":false,""2"":false,""3"":false,""4"":false,""5"":false,""6"":false,""7"":false,""8"":true,""9"":false},""confidence1"":{""1"":false,""2"":false,""3"":true},""confidence2"":{""1"":false,""2"":false,""3"":true},""confidence3"":{""1"":false,""2"":false,""3"":true},""location"":{""indoors"":false,""outdoors"":true},""type"":{""man-made"":false,""natural"":true}}]"
"335HHSX8DZVQA2WGGQ08DG07JKIDHQ","32CVJ4DS8NLNW05T7O8FGAFWAC0KVJ","images version3","Give us your opinion about our products","survey, demographics","$0.01","Thu Sep 26 17:17:58 PDT 2024","20","BatchId:409385;OriginalHitTemplateId:920937243;","3600","259200","Thu Oct 03 17:17:58 PDT 2024","","","3GFK2QRXXW7FQZ96ML9Q4RHI5EWW5R","A17EZEAMF37MGQ","Submitted","Tue Oct 01 14:22:13 PDT 2024","Tue Oct 01 14:22:25 PDT 2024","Fri Oct 04 14:22:25 PDT 2024","","","","12","100% (602/604)","100% (602/604)","100% (205/205)","00014-255.png","https://derrickversion3.s3.us-east-1.amazonaws.com/00014-255.png","[{""category"":{""0"":true,""1"":false,""2"":false,""3"":false,""4"":false,""5"":false,""6"":false,""7"":false,""8"":false,""9"":false},""confidence1"":{""1"":false,""2"":false,""3"":true},""confidence2"":{""1"":false,""2"":false,""3"":true},""confidence3"":{""1"":false,""2"":false,""3"":true},""location"":{""indoors"":false,""outdoors"":true},""type"":{""man-made"":true,""natural"":false}}]"
"3MDKGGG62CDHU28W6X9JLTT3DSQ6T1","32CVJ4DS8NLNW05T7O8FGAFWAC0KVJ","images version3","Give us your opinion about our products","survey, demographics","$0.01","Thu Sep 26 17:17:55 PDT 2024","20","BatchId:409385;OriginalHitTemplateId:920937243;","3600","259200","Thu Oct 03 17:17:55 PDT 2024","","","37U1UTWH9ICT5LBMLP6NTCJSFPIR8L","A17EZEAMF37MGQ","Submitted","Tue Oct 01 14:29:50 PDT 2024","Tue Oct 01 14:30:02 PDT 2024","Fri Oct 04 14:30:02 PDT 2024","","","","12","100% (602/604)","100% (602/604)","100% (205/205)","00014-400.png","https://derrickversion3.s3.us-east-1.amazonaws.com/00014-400.png","[{""category"":{""0"":true,""1"":false,""2"":false,""3"":false,""4"":false,""5"":false,""6"":false,""7"":false,""8"":false,""9"":false},""confidence1"":{""1"":false,""2"":false,""3"":true},""confidence2"":{""1"":false,""2"":false,""3"":true},""confidence3"":{""1"":false,""2"":false,""3"":true},""location"":{""indoors"":false,""outdoors"":true},""type"":{""man-made"":true,""natural"":false}}]"
"3FULMHZ7PGNZ2KEYECFS2HEXNTO4MD","32CVJ4DS8NLNW05T7O8FGAFWAC0KVJ","images version3","Give us your opinion about our products","survey, demographics","$0.01","Thu Sep 26 17:17:58 PDT 2024","20","BatchId:409385;OriginalHitTemplateId:920937243;","3600","259200","Thu Oct 03 17:17:58 PDT 2024","","","3IGI0VL64UABBF6AZZE2HE4ITXXONX","A17EZEAMF37MGQ","Submitted","Tue Oct 01 14:40:47 PDT 2024","Tue Oct 01 14:41:03 PDT 2024","Fri Oct 04 14:41:03 PDT 2024","","","","16","100% (602/604)","100% (602/604)","100% (205/205)","00014-6000.png","https://derrickversion3.s3.us-east-1.amazonaws.com/00014-6000.png","[{""category"":{""0"":true,""1"":false,""2"":false,""3"":false,""4"":false,""5"":false,""6"":false,""7"":false,""8"":false,""9"":false},""confidence1"":{""1"":false,""2"":false,""3"":true},""confidence2"":{""1"":false,""2"":false,""3"":true},""confidence3"":{""1"":false,""2"":false,""3"":true},""location"":{""indoors"":false,""outdoors"":true},""type"":{""man-made"":true,""natural"":false}}]"
"3MVY4USGCSDW8MQIJYDI8RNMK07ISI","32CVJ4DS8NLNW05T7O8FGAFWAC0KVJ","images version3","Give us your opinion about our products","survey, demographics","$0.01","Thu Sep 26 17:18:14 PDT 2024","20","BatchId:409385;OriginalHitTemplateId:920937243;","3600","259200","Thu Oct 03 17:18:14 PDT 2024","","","3R0T90IZ1F24SYSLMQSGWU1437SGCK","A17EZEAMF37MGQ","Submitted","Tue Oct 01 13:26:30 PDT 2024","Tue Oct 01 13:26:46 PDT 2024","Fri Oct 04 13:26:46 PDT 2024","","","","16","100% (602/604)","100% (602/604)","100% (205/205)","00015-255.png","https://derrickversion3.s3.us-east-1.amazonaws.com/00015-255.png","[{""category"":{""0"":true,""1"":false,""2"":false,""3"":false,""4"":false,""5"":false,""6"":false,""7"":false,""8"":false,""9"":false},""confidence1"":{""1"":false,""2"":false,""3"":true},""confidence2"":{""1"":false,""2"":false,""3"":true},""confidence3"":{""1"":false,""2"":true,""3"":false},""location"":{""indoors"":false,""outdoors"":true},""type"":{""man-made"":true,""natural"":false}}]"
"3WKGUBL7TLCFW2WDE0ED24Z8NOY4LB","32CVJ4DS8NLNW05T7O8FGAFWAC0KVJ","images version3","Give us your opinion about our products","survey, demographics","$0.01","Thu Sep 26 17:17:58 PDT 2024","20","BatchId:409385;OriginalHitTemplateId:920937243;","3600","259200","Thu Oct 03 17:17:58 PDT 2024","","","3TE3O8573NYIJ69X58XMJL6PTPQR2I","A17EZEAMF37MGQ","Submitted","Tue Oct 01 14:17:28 PDT 2024","Tue Oct 01 14:17:42 PDT 2024","Fri Oct 04 14:17:42 PDT 2024","","","","14","100% (602/604)","100% (602/604)","100% (205/205)","00015-400.png","https://derrickversion3.s3.us-east-1.amazonaws.com/00015-400.png","[{""category"":{""0"":true,""1"":false,""2"":false,""3"":false,""4"":false,""5"":false,""6"":false,""7"":false,""8"":false,""9"":false},""confidence1"":{""1"":false,""2"":false,""3"":true},""confidence2"":{""1"":false,""2"":false,""3"":true},""confidence3"":{""1"":false,""2"":true,""3"":false},""location"":{""indoors"":false,""outdoors"":true},""type"":{""man-made"":true,""natural"":false}}]"
"3HO4MYYR2OEWUFNL62ZTQPF5W6X6US","32CVJ4DS8NLNW05T7O8FGAFWAC0KVJ","images version3","Give us your opinion about our products","survey, demographics","$0.01","Thu Sep 26 17:17:58 PDT 2024","20","BatchId:409385;OriginalHitTemplateId:920937243;","3600","259200","Thu Oct 03 17:17:58 PDT 2024","","","3X87C8JFVT1BC4BVM8NS5D9OVXNQSJ","A17EZEAMF37MGQ","Submitted","Tue Oct 01 13:58:12 PDT 2024","Tue Oct 01 13:58:35 PDT 2024","Fri Oct 04 13:58:35 PDT 2024","","","","23","100% (602/604)","100% (602/604)","100% (205/205)","00015-6000.png","https://derrickversion3.s3.us-east-1.amazonaws.com/00015-6000.png","[{""category"":{""0"":false,""1"":false,""2"":false,""3"":true,""4"":false,""5"":false,""6"":false,""7"":false,""8"":false,""9"":false},""confidence1"":{""1"":false,""2"":false,""3"":true},""confidence2"":{""1"":false,""2"":false,""3"":true},""confidence3"":{""1"":false,""2"":false,""3"":true},""location"":{""indoors"":false,""outdoors"":true},""type"":{""man-made"":true,""natural"":false}}]"
"38B7Q9C292VYANZI8R42UTSRJLN964","32CVJ4DS8NLNW05T7O8FGAFWAC0KVJ","images version3","Give us your opinion about our products","survey, demographics","$0.01","Thu Sep 26 17:18:14 PDT 2024","20","BatchId:409385;OriginalHitTemplateId:920937243;","3600","259200","Thu Oct 03 17:18:14 PDT 2024","","","3AAPLD8UCZ7ZEBP7SI5O64D96T5THF","A17EZEAMF37MGQ","Submitted","Tue Oct 01 14:14:23 PDT 2024","Tue Oct 01 14:14:40 PDT 2024","Fri Oct 04 14:14:40 PDT 2024","","","","17","100% (602/604)","100% (602/604)","100% (205/205)","00016-255.png","https://derrickversion3.s3.us-east-1.amazonaws.com/00016-255.png","[{""category"":{""0"":true,""1"":false,""2"":false,""3"":false,""4"":false,""5"":false,""6"":false,""7"":false,""8"":false,""9"":false},""confidence1"":{""1"":false,""2"":false,""3"":true},""confidence2"":{""1"":false,""2"":false,""3"":true},""confidence3"":{""1"":false,""2"":false,""3"":true},""location"":{""indoors"":false,""outdoors"":true},""type"":{""man-made"":true,""natural"":false}}]"
"3YKP7CX6HO502GSKPLNQRDND2WAB7F","32CVJ4DS8NLNW05T7O8FGAFWAC0KVJ","images version3","Give us your opinion about our products","survey, demographics","$0.01","Thu Sep 26 17:17:58 PDT 2024","20","BatchId:409385;OriginalHitTemplateId:920937243;","3600","259200","Thu Oct 03 17:17:58 PDT 2024","","","3TPWUS5F8WR0PKIL1VWYIXNSXVIWCZ","A17EZEAMF37MGQ","Submitted","Tue Oct 01 14:37:38 PDT 2024","Tue Oct 01 14:39:52 PDT 2024","Fri Oct 04 14:39:52 PDT 2024","","","","134","100% (602/604)","100% (602/604)","100% (205/205)","00016-400.png","https://derrickversion3.s3.us-east-1.amazonaws.com/00016-400.png","[{""category"":{""0"":false,""1"":false,""2"":false,""3"":false,""4"":true,""5"":false,""6"":false,""7"":false,""8"":false,""9"":false},""confidence1"":{""1"":false,""2"":false,""3"":true},""confidence2"":{""1"":false,""2"":false,""3"":true},""confidence3"":{""1"":false,""2"":true,""3"":false},""location"":{""indoors"":false,""outdoors"":true},""type"":{""man-made"":true,""natural"":false}}]"
"3PZDSVZ3KR75K2ZYQDUSFW3XSJY4ND","32CVJ4DS8NLNW05T7O8FGAFWAC0KVJ","images version3","Give us your opinion about our products","survey, demographics","$0.01","Thu Sep 26 17:17:58 PDT 2024","20","BatchId:409385;OriginalHitTemplateId:920937243;","3600","259200","Thu Oct 03 17:17:58 PDT 2024","","","3VA45EW49AD8X8ZLUCG4K7RFQWSO1P","A17EZEAMF37MGQ","Submitted","Tue Oct 01 13:57:33 PDT 2024","Tue Oct 01 13:58:07 PDT 2024","Fri Oct 04 13:58:07 PDT 2024","","","","34","100% (602/604)","100% (602/604)","100% (205/205)","00016-6000.png","https://derrickversion3.s3.us-east-1.amazonaws.com/00016-6000.png","[{""category"":{""0"":true,""1"":false,""2"":false,""3"":false,""4"":false,""5"":false,""6"":false,""7"":false,""8"":false,""9"":false},""confidence1"":{""1"":false,""2"":false,""3"":true},""confidence2"":{""1"":false,""2"":false,""3"":true},""confidence3"":{""1"":false,""2"":false,""3"":true},""location"":{""indoors"":false,""outdoors"":true},""type"":{""man-made"":true,""natural"":false}}]"
"3I6NF2WGJ2MH6TMCHE07U40ER37G5M","32CVJ4DS8NLNW05T7O8FGAFWAC0KVJ","images version3","Give us your opinion about our products","survey, demographics","$0.01","Thu Sep 26 17:18:01 PDT 2024","20","BatchId:409385;OriginalHitTemplateId:920937243;","3600","259200","Thu Oct 03 17:18:01 PDT 2024","","","36ZN444YTEOJXEVJ2J1AC6817Y3OIH","A17EZEAMF37MGQ","Submitted","Tue Oct 01 14:17:07 PDT 2024","Tue Oct 01 14:17:22 PDT 2024","Fri Oct 04 14:17:22 PDT 2024","","","","15","100% (602/604)","100% (602/604)","100% (205/205)","00017-255.png","https://derrickversion3.s3.us-east-1.amazonaws.com/00017-255.png","[{""category"":{""0"":false,""1"":false,""2"":false,""3"":false,""4"":true,""5"":false,""6"":false,""7"":false,""8"":false,""9"":false},""confidence1"":{""1"":false,""2"":false,""3"":true},""confidence2"":{""1"":false,""2"":false,""3"":true},""confidence3"":{""1"":false,""2"":true,""3"":false},""location"":{""indoors"":false,""outdoors"":true},""type"":{""man-made"":true,""natural"":false}}]"
"3OREP8RUUO1JV93LIORKXQ061ZTGBN","32CVJ4DS8NLNW05T7O8FGAFWAC0KVJ","images version3","Give us your opinion about our products","survey, demographics","$0.01","Thu Sep 26 17:18:14 PDT 2024","20","BatchId:409385;OriginalHitTemplateId:920937243;","3600","259200","Thu Oct 03 17:18:14 PDT 2024","","","3QAVNHZ3E9UWLB9OD3T53RGOZLTLAT","A17EZEAMF37MGQ","Submitted","Tue Oct 01 13:33:45 PDT 2024","Tue Oct 01 13:33:59 PDT 2024","Fri Oct 04 13:33:59 PDT 2024","","","","14","100% (602/604)","100% (602/604)","100% (205/205)","00017-400.png","https://derrickversion3.s3.us-east-1.amazonaws.com/00017-400.png","[{""category"":{""0"":true,""1"":false,""2"":false,""3"":false,""4"":false,""5"":false,""6"":false,""7"":false,""8"":false,""9"":false},""confidence1"":{""1"":false,""2"":false,""3"":true},""confidence2"":{""1"":false,""2"":false,""3"":true},""confidence3"":{""1"":false,""2"":false,""3"":true},""location"":{""indoors"":false,""outdoors"":true},""type"":{""man-made"":true,""natural"":false}}]"
"3TRB893CT50WTX0V57F4SOEAI92G71","32CVJ4DS8NLNW05T7O8FGAFWAC0KVJ","images version3","Give us your opinion about our products","survey, demographics","$0.01","Thu Sep 26 17:18:01 PDT 2024","20","BatchId:409385;OriginalHitTemplateId:920937243;","3600","259200","Thu Oct 03 17:18:01 PDT 2024","","","3RKNTXVS39O0N3237BUOHAEDDZY4AJ","A17EZEAMF37MGQ","Submitted","Tue Oct 01 13:22:10 PDT 2024","Tue Oct 01 13:22:26 PDT 2024","Fri Oct 04 13:22:26 PDT 2024","","","","16","100% (602/604)","100% (602/604)","100% (205/205)","00017-6000.png","https://derrickversion3.s3.us-east-1.amazonaws.com/00017-6000.png","[{""category"":{""0"":false,""1"":false,""2"":false,""3"":false,""4"":true,""5"":false,""6"":false,""7"":false,""8"":false,""9"":false},""confidence1"":{""1"":false,""2"":false,""3"":true},""confidence2"":{""1"":false,""2"":false,""3"":true},""confidence3"":{""1"":false,""2"":false,""3"":true},""location"":{""indoors"":false,""outdoors"":true},""type"":{""man-made"":true,""natural"":false}}]"
"3FJ2RVH26LWASMGHLPSZ4GBF3GL92N","32CVJ4DS8NLNW05T7O8FGAFWAC0KVJ","images version3","Give us your opinion about our products","survey, demographics","$0.01","Thu Sep 26 17:18:02 PDT 2024","20","BatchId:409385;OriginalHitTemplateId:920937243;","3600","259200","Thu Oct 03 17:18:02 PDT 2024","","","3E7TUJ2EGZCZIGBR8GHHOJXZKU99DM","A17EZEAMF37MGQ","Submitted","Tue Oct 01 13:26:07 PDT 2024","Tue Oct 01 13:26:24 PDT 2024","Fri Oct 04 13:26:24 PDT 2024","","","","17","100% (602/604)","100% (602/604)","100% (205/205)","00018-255.png","https://derrickversion3.s3.us-east-1.amazonaws.com/00018-255.png","[{""category"":{""0"":false,""1"":false,""2"":false,""3"":false,""4"":false,""5"":false,""6"":true,""7"":false,""8"":false,""9"":false},""confidence1"":{""1"":false,""2"":false,""3"":true},""confidence2"":{""1"":false,""2"":false,""3"":true},""confidence3"":{""1"":false,""2"":false,""3"":true},""location"":{""indoors"":false,""outdoors"":true},""type"":{""man-made"":false,""natural"":true}}]"
"3VDI8GSXB1J0TB5EFC7A6OA5TT8G8O","32CVJ4DS8NLNW05T7O8FGAFWAC0KVJ","images version3","Give us your opinion about our products","survey, demographics","$0.01","Thu Sep 26 17:18:02 PDT 2024","20","BatchId:409385;OriginalHitTemplateId:920937243;","3600","259200","Thu Oct 03 17:18:02 PDT 2024","","","3T3IWE1XGTDCR4OAB8SIFI5AXG1TQB","A17EZEAMF37MGQ","Submitted","Tue Oct 01 14:36:39 PDT 2024","Tue Oct 01 14:37:18 PDT 2024","Fri Oct 04 14:37:18 PDT 2024","","","","39","100% (602/604)","100% (602/604)","100% (205/205)","00018-400.png","https://derrickversion3.s3.us-east-1.amazonaws.com/00018-400.png","[{""category"":{""0"":false,""1"":false,""2"":false,""3"":false,""4"":true,""5"":false,""6"":false,""7"":false,""8"":false,""9"":false},""confidence1"":{""1"":false,""2"":false,""3"":true},""confidence2"":{""1"":false,""2"":false,""3"":true},""confidence3"":{""1"":false,""2"":true,""3"":false},""location"":{""indoors"":false,""outdoors"":true},""type"":{""man-made"":true,""natural"":false}}]"
"3HKIF5DF7KN07GOOK4DO6K5GDZQG9D","32CVJ4DS8NLNW05T7O8FGAFWAC0KVJ","images version3","Give us your opinion about our products","survey, demographics","$0.01","Thu Sep 26 17:18:04 PDT 2024","20","BatchId:409385;OriginalHitTemplateId:920937243;","3600","259200","Thu Oct 03 17:18:04 PDT 2024","","","3NPFYT4IZZUSVW3GDMO3A7ME4PGGXM","A17EZEAMF37MGQ","Submitted","Tue Oct 01 14:16:20 PDT 2024","Tue Oct 01 14:16:37 PDT 2024","Fri Oct 04 14:16:37 PDT 2024","","","","17","100% (602/604)","100% (602/604)","100% (205/205)","00018-6000.png","https://derrickversion3.s3.us-east-1.amazonaws.com/00018-6000.png","[{""category"":{""0"":false,""1"":false,""2"":false,""3"":false,""4"":false,""5"":false,""6"":true,""7"":false,""8"":false,""9"":false},""confidence1"":{""1"":false,""2"":false,""3"":true},""confidence2"":{""1"":false,""2"":false,""3"":true},""confidence3"":{""1"":false,""2"":false,""3"":true},""location"":{""indoors"":false,""outdoors"":true},""type"":{""man-made"":false,""natural"":true}}]"
"3MDWE879V3S4GZGD4ILA59EJXMYB9R","32CVJ4DS8NLNW05T7O8FGAFWAC0KVJ","images version3","Give us your opinion about our products","survey, demographics","$0.01","Thu Sep 26 17:18:03 PDT 2024","20","BatchId:409385;OriginalHitTemplateId:920937243;","3600","259200","Thu Oct 03 17:18:03 PDT 2024","","","3VHHR074HQ7E29BQ60HLT0EYYDNL72","A17EZEAMF37MGQ","Submitted","Tue Oct 01 13:31:20 PDT 2024","Tue Oct 01 13:31:30 PDT 2024","Fri Oct 04 13:31:30 PDT 2024","","","","10","100% (602/604)","100% (602/604)","100% (205/205)","00019-255.png","https://derrickversion3.s3.us-east-1.amazonaws.com/00019-255.png","[{""category"":{""0"":true,""1"":false,""2"":false,""3"":false,""4"":false,""5"":false,""6"":false,""7"":false,""8"":false,""9"":false},""confidence1"":{""1"":false,""2"":false,""3"":true},""confidence2"":{""1"":false,""2"":false,""3"":true},""confidence3"":{""1"":false,""2"":false,""3"":true},""location"":{""indoors"":false,""outdoors"":true},""type"":{""man-made"":true,""natural"":false}}]"
"3TD33TP5E7SILIQIWOZA14P334GBA6","32CVJ4DS8NLNW05T7O8FGAFWAC0KVJ","images version3","Give us your opinion about our products","survey, demographics","$0.01","Thu Sep 26 17:18:03 PDT 2024","20","BatchId:409385;OriginalHitTemplateId:920937243;","3600","259200","Thu Oct 03 17:18:03 PDT 2024","","","3BEFOD78WTJ1P4BS4EKTQ19D7GNM4L","A17EZEAMF37MGQ","Submitted","Tue Oct 01 14:46:31 PDT 2024","Tue Oct 01 14:46:42 PDT 2024","Fri Oct 04 14:46:42 PDT 2024","","","","11","100% (602/604)","100% (602/604)","100% (205/205)","00019-400.png","https://derrickversion3.s3.us-east-1.amazonaws.com/00019-400.png","[{""category"":{""0"":false,""1"":false,""2"":false,""3"":false,""4"":false,""5"":false,""6"":true,""7"":false,""8"":false,""9"":false},""confidence1"":{""1"":false,""2"":false,""3"":true},""confidence2"":{""1"":false,""2"":false,""3"":true},""confidence3"":{""1"":false,""2"":false,""3"":true},""location"":{""indoors"":false,""outdoors"":true},""type"":{""man-made"":false,""natural"":true}}]"
"3IZVJEBJ7WADGEHVCPY17HUKYOC6ZH","32CVJ4DS8NLNW05T7O8FGAFWAC0KVJ","images version3","Give us your opinion about our products","survey, demographics","$0.01","Thu Sep 26 17:18:14 PDT 2024","20","BatchId:409385;OriginalHitTemplateId:920937243;","3600","259200","Thu Oct 03 17:18:14 PDT 2024","","","3QRYMNZ7FL7RO7BIVG01BOA5S5ETNO","A17EZEAMF37MGQ","Submitted","Tue Oct 01 14:29:14 PDT 2024","Tue Oct 01 14:29:29 PDT 2024","Fri Oct 04 14:29:29 PDT 2024","","","","15","100% (602/604)","100% (602/604)","100% (205/205)","00019-6000.png","https://derrickversion3.s3.us-east-1.amazonaws.com/00019-6000.png","[{""category"":{""0"":true,""1"":false,""2"":false,""3"":false,""4"":false,""5"":false,""6"":false,""7"":false,""8"":false,""9"":false},""confidence1"":{""1"":false,""2"":false,""3"":true},""confidence2"":{""1"":false,""2"":false,""3"":true},""confidence3"":{""1"":false,""2"":false,""3"":true},""location"":{""indoors"":false,""outdoors"":true},""type"":{""man-made"":true,""natural"":false}}]"
"3MXX6RQ9FHV5NNBB6S7KJL8SSYZ4P9","32CVJ4DS8NLNW05T7O8FGAFWAC0KVJ","images version3","Give us your opinion about our products","survey, demographics","$0.01","Thu Sep 26 17:18:04 PDT 2024","20","BatchId:409385;OriginalHitTemplateId:920937243;","3600","259200","Thu Oct 03 17:18:04 PDT 2024","","","3PPTZCWALDA8DGX9H0H0166RICNQZO","A17EZEAMF37MGQ","Submitted","Tue Oct 01 14:13:50 PDT 2024","Tue Oct 01 14:14:12 PDT 2024","Fri Oct 04 14:14:12 PDT 2024","","","","22","100% (602/604)","100% (602/604)","100% (205/205)","00020-255.png","https://derrickversion3.s3.us-east-1.amazonaws.com/00020-255.png","[{""category"":{""0"":false,""1"":false,""2"":false,""3"":false,""4"":true,""5"":false,""6"":false,""7"":false,""8"":false,""9"":false},""confidence1"":{""1"":false,""2"":false,""3"":true},""confidence2"":{""1"":false,""2"":true,""3"":false},""confidence3"":{""1"":false,""2"":true,""3"":false},""location"":{""indoors"":false,""outdoors"":true},""type"":{""man-made"":true,""natural"":false}}]"
"3Z8UJEJODL3ZD4C0PP64NQG79UL93Y","32CVJ4DS8NLNW05T7O8FGAFWAC0KVJ","images version3","Give us your opinion about our products","survey, demographics","$0.01","Thu Sep 26 17:18:04 PDT 2024","20","BatchId:409385;OriginalHitTemplateId:920937243;","3600","259200","Thu Oct 03 17:18:04 PDT 2024","","","3XC1O3LBOFC1078XJ3KMYW6GNAETLM","A17EZEAMF37MGQ","Submitted","Tue Oct 01 14:20:05 PDT 2024","Tue Oct 01 14:21:22 PDT 2024","Fri Oct 04 14:21:22 PDT 2024","","","","77","100% (602/604)","100% (602/604)","100% (205/205)","00020-400.png","https://derrickversion3.s3.us-east-1.amazonaws.com/00020-400.png","[{""category"":{""0"":true,""1"":false,""2"":false,""3"":false,""4"":false,""5"":false,""6"":false,""7"":false,""8"":false,""9"":false},""confidence1"":{""1"":false,""2"":false,""3"":true},""confidence2"":{""1"":false,""2"":false,""3"":true},""confidence3"":{""1"":false,""2"":true,""3"":false},""location"":{""indoors"":false,""outdoors"":true},""type"":{""man-made"":true,""natural"":false}}]"
"3CESM1J3F4T9MJCQ12EU8D02HM86WR","32CVJ4DS8NLNW05T7O8FGAFWAC0KVJ","images version3","Give us your opinion about our products","survey, demographics","$0.01","Thu Sep 26 17:18:04 PDT 2024","20","BatchId:409385;OriginalHitTemplateId:920937243;","3600","259200","Thu Oct 03 17:18:04 PDT 2024","","","3R6P78PK771LEFUW8CN6L418RTSTGG","A17EZEAMF37MGQ","Submitted","Tue Oct 01 14:13:19 PDT 2024","Tue Oct 01 14:13:42 PDT 2024","Fri Oct 04 14:13:42 PDT 2024","","","","23","100% (602/604)","100% (602/604)","100% (205/205)","00020-6000.png","https://derrickversion3.s3.us-east-1.amazonaws.com/00020-6000.png","[{""category"":{""0"":false,""1"":false,""2"":false,""3"":false,""4"":true,""5"":false,""6"":false,""7"":false,""8"":false,""9"":false},""confidence1"":{""1"":false,""2"":false,""3"":true},""confidence2"":{""1"":false,""2"":false,""3"":true},""confidence3"":{""1"":false,""2"":true,""3"":false},""location"":{""indoors"":true,""outdoors"":false},""type"":{""man-made"":true,""natural"":false}}]"
"3OKP4QVBQONECZYTCARO2FG0JH8GAS","32CVJ4DS8NLNW05T7O8FGAFWAC0KVJ","images version3","Give us your opinion about our products","survey, demographics","$0.01","Thu Sep 26 17:18:05 PDT 2024","20","BatchId:409385;OriginalHitTemplateId:920937243;","3600","259200","Thu Oct 03 17:18:05 PDT 2024","","","37XITHEISJZVHO1Z21MSVYFB5G3RCR","A17EZEAMF37MGQ","Submitted","Tue Oct 01 14:40:27 PDT 2024","Tue Oct 01 14:40:44 PDT 2024","Fri Oct 04 14:40:44 PDT 2024","","","","17","100% (602/604)","100% (602/604)","100% (205/205)","00021-255.png","https://derrickversion3.s3.us-east-1.amazonaws.com/00021-255.png","[{""category"":{""0"":true,""1"":false,""2"":false,""3"":false,""4"":false,""5"":false,""6"":false,""7"":false,""8"":false,""9"":false},""confidence1"":{""1"":false,""2"":false,""3"":true},""confidence2"":{""1"":false,""2"":false,""3"":true},""confidence3"":{""1"":false,""2"":true,""3"":false},""location"":{""indoors"":false,""outdoors"":true},""type"":{""man-made"":true,""natural"":false}}]"
"3O0M2G5VDSSKV0V4P3BNXV8DNUH94J","32CVJ4DS8NLNW05T7O8FGAFWAC0KVJ","images version3","Give us your opinion about our products","survey, demographics","$0.01","Thu Sep 26 17:18:05 PDT 2024","20","BatchId:409385;OriginalHitTemplateId:920937243;","3600","259200","Thu Oct 03 17:18:05 PDT 2024","","","38YMOXR4MHPB939KR4JVWXVI197W67","A17EZEAMF37MGQ","Submitted","Tue Oct 01 14:25:11 PDT 2024","Tue Oct 01 14:25:28 PDT 2024","Fri Oct 04 14:25:28 PDT 2024","","","","17","100% (602/604)","100% (602/604)","100% (205/205)","00021-400.png","https://derrickversion3.s3.us-east-1.amazonaws.com/00021-400.png","[{""category"":{""0"":true,""1"":false,""2"":false,""3"":false,""4"":false,""5"":false,""6"":false,""7"":false,""8"":false,""9"":false},""confidence1"":{""1"":false,""2"":false,""3"":true},""confidence2"":{""1"":false,""2"":false,""3"":true},""confidence3"":{""1"":false,""2"":true,""3"":false},""location"":{""indoors"":false,""outdoors"":true},""type"":{""man-made"":true,""natural"":false}}]"
"3IWA71V4U46OBJHGB7AGAWE9QOE6XK","32CVJ4DS8NLNW05T7O8FGAFWAC0KVJ","images version3","Give us your opinion about our products","survey, demographics","$0.01","Thu Sep 26 17:18:05 PDT 2024","20","BatchId:409385;OriginalHitTemplateId:920937243;","3600","259200","Thu Oct 03 17:18:05 PDT 2024","","","3N8OEVH1FEGTT06M0EEFW34NJ72OOC","A17EZEAMF37MGQ","Submitted","Tue Oct 01 14:41:30 PDT 2024","Tue Oct 01 14:41:53 PDT 2024","Fri Oct 04 14:41:53 PDT 2024","","","","23","100% (602/604)","100% (602/604)","100% (205/205)","00021-6000.png","https://derrickversion3.s3.us-east-1.amazonaws.com/00021-6000.png","[{""category"":{""0"":true,""1"":false,""2"":false,""3"":false,""4"":false,""5"":false,""6"":false,""7"":false,""8"":false,""9"":false},""confidence1"":{""1"":false,""2"":false,""3"":true},""confidence2"":{""1"":false,""2"":false,""3"":true},""confidence3"":{""1"":false,""2"":false,""3"":true},""location"":{""indoors"":false,""outdoors"":true},""type"":{""man-made"":true,""natural"":false}}]"
"3MYASTQBHT13NVVJZGN2MUS8A7EDQM","32CVJ4DS8NLNW05T7O8FGAFWAC0KVJ","images version3","Give us your opinion about our products","survey, demographics","$0.01","Thu Sep 26 17:18:14 PDT 2024","20","BatchId:409385;OriginalHitTemplateId:920937243;","3600","259200","Thu Oct 03 17:18:14 PDT 2024","","","3JNQLM5FTRC7G8EK0O0QX9XQNX1L2M","A17EZEAMF37MGQ","Submitted","Tue Oct 01 13:20:51 PDT 2024","Tue Oct 01 13:21:05 PDT 2024","Fri Oct 04 13:21:05 PDT 2024","","","","14","100% (602/604)","100% (602/604)","100% (205/205)","00022-255.png","https://derrickversion3.s3.us-east-1.amazonaws.com/00022-255.png","[{""category"":{""0"":false,""1"":false,""2"":false,""3"":false,""4"":false,""5"":false,""6"":true,""7"":false,""8"":false,""9"":false},""confidence1"":{""1"":false,""2"":false,""3"":true},""confidence2"":{""1"":false,""2"":false,""3"":true},""confidence3"":{""1"":false,""2"":false,""3"":true},""location"":{""indoors"":false,""outdoors"":true},""type"":{""man-made"":false,""natural"":true}}]"
"36KM3FWE4D2ZITPAR5Q17WRUBSD70P","32CVJ4DS8NLNW05T7O8FGAFWAC0KVJ","images version3","Give us your opinion about our products","survey, demographics","$0.01","Thu Sep 26 17:18:15 PDT 2024","20","BatchId:409385;OriginalHitTemplateId:920937243;","3600","259200","Thu Oct 03 17:18:15 PDT 2024","","","3CFVK00FW8BVY9XLNQCTNME2323L63","A17EZEAMF37MGQ","Submitted","Tue Oct 01 13:31:03 PDT 2024","Tue Oct 01 13:31:16 PDT 2024","Fri Oct 04 13:31:16 PDT 2024","","","","13","100% (602/604)","100% (602/604)","100% (205/205)","00022-400.png","https://derrickversion3.s3.us-east-1.amazonaws.com/00022-400.png","[{""category"":{""0"":true,""1"":false,""2"":false,""3"":false,""4"":false,""5"":false,""6"":false,""7"":false,""8"":false,""9"":false},""confidence1"":{""1"":false,""2"":false,""3"":true},""confidence2"":{""1"":false,""2"":false,""3"":true},""confidence3"":{""1"":false,""2"":false,""3"":true},""location"":{""indoors"":false,""outdoors"":true},""type"":{""man-made"":true,""natural"":false}}]"
"375VMB7D559Q6X70M8ITDS1MJXXDIJ","32CVJ4DS8NLNW05T7O8FGAFWAC0KVJ","images version3","Give us your opinion about our products","survey, demographics","$0.01","Thu Sep 26 17:18:08 PDT 2024","20","BatchId:409385;OriginalHitTemplateId:920937243;","3600","259200","Thu Oct 03 17:18:08 PDT 2024","","","3R2PKQ87NJYVXBA7P3MXK2JWCYOIMW","A17EZEAMF37MGQ","Submitted","Tue Oct 01 13:37:37 PDT 2024","Tue Oct 01 13:37:50 PDT 2024","Fri Oct 04 13:37:50 PDT 2024","","","","13","100% (602/604)","100% (602/604)","100% (205/205)","00022-6000.png","https://derrickversion3.s3.us-east-1.amazonaws.com/00022-6000.png","[{""category"":{""0"":false,""1"":false,""2"":false,""3"":false,""4"":false,""5"":false,""6"":true,""7"":false,""8"":false,""9"":false},""confidence1"":{""1"":false,""2"":false,""3"":true},""confidence2"":{""1"":false,""2"":false,""3"":true},""confidence3"":{""1"":false,""2"":false,""3"":true},""location"":{""indoors"":false,""outdoors"":true},""type"":{""man-made"":false,""natural"":true}}]"
"37J05LC5BJ9M18R64Q3TPTGMWCMDJV","32CVJ4DS8NLNW05T7O8FGAFWAC0KVJ","images version3","Give us your opinion about our products","survey, demographics","$0.01","Thu Sep 26 17:18:08 PDT 2024","20","BatchId:409385;OriginalHitTemplateId:920937243;","3600","259200","Thu Oct 03 17:18:08 PDT 2024","","","3Y5140Z9DK61IE7KHJEP16DRH3ZIPS","A17EZEAMF37MGQ","Submitted","Tue Oct 01 13:47:39 PDT 2024","Tue Oct 01 13:47:58 PDT 2024","Fri Oct 04 13:47:58 PDT 2024","","","","19","100% (602/604)","100% (602/604)","100% (205/205)","00023-255.png","https://derrickversion3.s3.us-east-1.amazonaws.com/00023-255.png","[{""category"":{""0"":false,""1"":false,""2"":false,""3"":true,""4"":false,""5"":false,""6"":false,""7"":false,""8"":false,""9"":false},""confidence1"":{""1"":false,""2"":false,""3"":true},""confidence2"":{""1"":false,""2"":false,""3"":true},""confidence3"":{""1"":false,""2"":false,""3"":true},""location"":{""indoors"":true,""outdoors"":false},""type"":{""man-made"":true,""natural"":false}}]"
"3LOJFQ4BPJ5HCSXOMB35Q8GZB1MDKU","32CVJ4DS8NLNW05T7O8FGAFWAC0KVJ","images version3","Give us your opinion about our products","survey, demographics","$0.01","Thu Sep 26 17:18:08 PDT 2024","20","BatchId:409385;OriginalHitTemplateId:920937243;","3600","259200","Thu Oct 03 17:18:08 PDT 2024","","","3QHK8ZVMI9814LEGJHT1Y20UH3ELBO","A17EZEAMF37MGQ","Submitted","Tue Oct 01 13:37:20 PDT 2024","Tue Oct 01 13:37:31 PDT 2024","Fri Oct 04 13:37:31 PDT 2024","","","","11","100% (602/604)","100% (602/604)","100% (205/205)","00023-400.png","https://derrickversion3.s3.us-east-1.amazonaws.com/00023-400.png","[{""category"":{""0"":false,""1"":false,""2"":false,""3"":false,""4"":false,""5"":false,""6"":true,""7"":false,""8"":false,""9"":false},""confidence1"":{""1"":false,""2"":false,""3"":true},""confidence2"":{""1"":false,""2"":false,""3"":true},""confidence3"":{""1"":false,""2"":false,""3"":true},""location"":{""indoors"":false,""outdoors"":true},""type"":{""man-made"":false,""natural"":true}}]"
"3SBX2M1TLZDQNZCQ65M9JQY2XUL4Q0","32CVJ4DS8NLNW05T7O8FGAFWAC0KVJ","images version3","Give us your opinion about our products","survey, demographics","$0.01","Thu Sep 26 17:18:08 PDT 2024","20","BatchId:409385;OriginalHitTemplateId:920937243;","3600","259200","Thu Oct 03 17:18:08 PDT 2024","","","34BBWHLWHX1R2N4LT5SKT0LNA02WI1","A17EZEAMF37MGQ","Submitted","Tue Oct 01 14:46:13 PDT 2024","Tue Oct 01 14:46:28 PDT 2024","Fri Oct 04 14:46:28 PDT 2024","","","","15","100% (602/604)","100% (602/604)","100% (205/205)","00023-6000.png","https://derrickversion3.s3.us-east-1.amazonaws.com/00023-6000.png","[{""category"":{""0"":false,""1"":false,""2"":false,""3"":true,""4"":false,""5"":false,""6"":false,""7"":false,""8"":false,""9"":false},""confidence1"":{""1"":false,""2"":false,""3"":true},""confidence2"":{""1"":false,""2"":false,""3"":true},""confidence3"":{""1"":false,""2"":false,""3"":true},""location"":{""indoors"":false,""outdoors"":true},""type"":{""man-made"":true,""natural"":false}}]"
"3Q7TKIAPPF0SWYF67BF658TE01RDLX","32CVJ4DS8NLNW05T7O8FGAFWAC0KVJ","images version3","Give us your opinion about our products","survey, demographics","$0.01","Thu Sep 26 17:18:08 PDT 2024","20","BatchId:409385;OriginalHitTemplateId:920937243;","3600","259200","Thu Oct 03 17:18:08 PDT 2024","","","3JAOYWH7V5UIGSZJLXF57W54T3BL9E","A17EZEAMF37MGQ","Submitted","Tue Oct 01 13:33:26 PDT 2024","Tue Oct 01 13:33:40 PDT 2024","Fri Oct 04 13:33:40 PDT 2024","","","","14","100% (602/604)","100% (602/604)","100% (205/205)","00024-255.png","https://derrickversion3.s3.us-east-1.amazonaws.com/00024-255.png","[{""category"":{""0"":false,""1"":false,""2"":false,""3"":false,""4"":false,""5"":false,""6"":false,""7"":false,""8"":true,""9"":false},""confidence1"":{""1"":false,""2"":false,""3"":true},""confidence2"":{""1"":false,""2"":false,""3"":true},""confidence3"":{""1"":false,""2"":false,""3"":true},""location"":{""indoors"":false,""outdoors"":true},""type"":{""man-made"":false,""natural"":true}}]"
"3TKSOBLOI76N4SVA22Z6WF99LM1BB1","32CVJ4DS8NLNW05T7O8FGAFWAC0KVJ","images version3","Give us your opinion about our products","survey, demographics","$0.01","Thu Sep 26 17:18:08 PDT 2024","20","BatchId:409385;OriginalHitTemplateId:920937243;","3600","259200","Thu Oct 03 17:18:08 PDT 2024","","","3VJ40NV2Q5D96SBUWV0EQDAAIFJTO3","A17EZEAMF37MGQ","Submitted","Tue Oct 01 14:30:08 PDT 2024","Tue Oct 01 14:36:02 PDT 2024","Fri Oct 04 14:36:02 PDT 2024","","","","354","100% (602/604)","100% (602/604)","100% (205/205)","00024-400.png","https://derrickversion3.s3.us-east-1.amazonaws.com/00024-400.png","[{""category"":{""0"":false,""1"":false,""2"":false,""3"":true,""4"":false,""5"":false,""6"":false,""7"":false,""8"":false,""9"":false},""confidence1"":{""1"":false,""2"":false,""3"":true},""confidence2"":{""1"":false,""2"":false,""3"":true},""confidence3"":{""1"":false,""2"":true,""3"":false},""location"":{""indoors"":true,""outdoors"":false},""type"":{""man-made"":true,""natural"":false}}]"
"309D674SILB6EXNGG2V17ZFR371BC8","32CVJ4DS8NLNW05T7O8FGAFWAC0KVJ","images version3","Give us your opinion about our products","survey, demographics","$0.01","Thu Sep 26 17:18:08 PDT 2024","20","BatchId:409385;OriginalHitTemplateId:920937243;","3600","259200","Thu Oct 03 17:18:08 PDT 2024","","","3R6P78PK771LEFUW8CN6L418RTSGT3","A17EZEAMF37MGQ","Submitted","Tue Oct 01 14:04:53 PDT 2024","Tue Oct 01 14:05:06 PDT 2024","Fri Oct 04 14:05:06 PDT 2024","","","","13","100% (602/604)","100% (602/604)","100% (205/205)","00024-6000.png","https://derrickversion3.s3.us-east-1.amazonaws.com/00024-6000.png","[{""category"":{""0"":false,""1"":false,""2"":false,""3"":false,""4"":false,""5"":false,""6"":false,""7"":true,""8"":false,""9"":false},""confidence1"":{""1"":false,""2"":false,""3"":true},""confidence2"":{""1"":false,""2"":false,""3"":true},""confidence3"":{""1"":false,""2"":true,""3"":false},""location"":{""indoors"":false,""outdoors"":true},""type"":{""man-made"":false,""natural"":true}}]"
"3IQ9O0AYXSPXNM3X8YI8IWJ8MJLIT7","32CVJ4DS8NLNW05T7O8FGAFWAC0KVJ","images version3","Give us your opinion about our products","survey, demographics","$0.01","Thu Sep 26 17:18:15 PDT 2024","20","BatchId:409385;OriginalHitTemplateId:920937243;","3600","259200","Thu Oct 03 17:18:15 PDT 2024","","","3ZPPDN2SLIM4AMPR4BS1U1FKK6A9EF","A17EZEAMF37MGQ","Submitted","Tue Oct 01 13:27:59 PDT 2024","Tue Oct 01 13:28:15 PDT 2024","Fri Oct 04 13:28:15 PDT 2024","","","","16","100% (602/604)","100% (602/604)","100% (205/205)","00025-255.png","https://derrickversion3.s3.us-east-1.amazonaws.com/00025-255.png","[{""category"":{""0"":true,""1"":false,""2"":false,""3"":false,""4"":false,""5"":false,""6"":false,""7"":false,""8"":false,""9"":false},""confidence1"":{""1"":false,""2"":false,""3"":true},""confidence2"":{""1"":false,""2"":false,""3"":true},""confidence3"":{""1"":false,""2"":false,""3"":true},""location"":{""indoors"":false,""outdoors"":true},""type"":{""man-made"":true,""natural"":false}}]"
"39HYCOOPLABC2GXR7NGL5L8306HDMZ","32CVJ4DS8NLNW05T7O8FGAFWAC0KVJ","images version3","Give us your opinion about our products","survey, demographics","$0.01","Thu Sep 26 17:18:09 PDT 2024","20","BatchId:409385;OriginalHitTemplateId:920937243;","3600","259200","Thu Oct 03 17:18:09 PDT 2024","","","3TOK3KHVJG8M8UENJSXDLHISTISO7M","A17EZEAMF37MGQ","Submitted","Tue Oct 01 14:05:56 PDT 2024","Tue Oct 01 14:06:12 PDT 2024","Fri Oct 04 14:06:12 PDT 2024","","","","16","100% (602/604)","100% (602/604)","100% (205/205)","00025-400.png","https://derrickversion3.s3.us-east-1.amazonaws.com/00025-400.png","[{""category"":{""0"":false,""1"":false,""2"":false,""3"":false,""4"":false,""5"":false,""6"":false,""7"":true,""8"":false,""9"":false},""confidence1"":{""1"":false,""2"":false,""3"":true},""confidence2"":{""1"":false,""2"":false,""3"":true},""confidence3"":{""1"":false,""2"":true,""3"":false},""location"":{""indoors"":false,""outdoors"":true},""type"":{""man-made"":false,""natural"":true}}]"
"36BTXXLZ3HYQZ0RQJKB9OG87TGN4R1","32CVJ4DS8NLNW05T7O8FGAFWAC0KVJ","images version3","Give us your opinion about our products","survey, demographics","$0.01","Thu Sep 26 17:18:09 PDT 2024","20","BatchId:409385;OriginalHitTemplateId:920937243;","3600","259200","Thu Oct 03 17:18:09 PDT 2024","","","3JCG6DTRVQGZZOWIU4YNADUND92QQU","A17EZEAMF37MGQ","Submitted","Tue Oct 01 13:56:31 PDT 2024","Tue Oct 01 13:56:47 PDT 2024","Fri Oct 04 13:56:47 PDT 2024","","","","16","100% (602/604)","100% (602/604)","100% (205/205)","00025-6000.png","https://derrickversion3.s3.us-east-1.amazonaws.com/00025-6000.png","[{""category"":{""0"":true,""1"":false,""2"":false,""3"":false,""4"":false,""5"":false,""6"":false,""7"":false,""8"":false,""9"":false},""confidence1"":{""1"":false,""2"":false,""3"":true},""confidence2"":{""1"":false,""2"":false,""3"":true},""confidence3"":{""1"":false,""2"":false,""3"":true},""location"":{""indoors"":false,""outdoors"":true},""type"":{""man-made"":true,""natural"":false}}]"
"30EV7DWJUHLDBO7QG3WITALISU86YQ","32CVJ4DS8NLNW05T7O8FGAFWAC0KVJ","images version3","Give us your opinion about our products","survey, demographics","$0.01","Thu Sep 26 17:18:09 PDT 2024","20","BatchId:409385;OriginalHitTemplateId:920937243;","3600","259200","Thu Oct 03 17:18:09 PDT 2024","","","3II4UPYCO6X5AFSDPIS3AENOUUDDQC","A17EZEAMF37MGQ","Submitted","Tue Oct 01 13:41:21 PDT 2024","Tue Oct 01 13:41:35 PDT 2024","Fri Oct 04 13:41:35 PDT 2024","","","","14","100% (602/604)","100% (602/604)","100% (205/205)","00026-400.png","https://derrickversion3.s3.us-east-1.amazonaws.com/00026-400.png","[{""category"":{""0"":true,""1"":false,""2"":false,""3"":false,""4"":false,""5"":false,""6"":false,""7"":false,""8"":false,""9"":false},""confidence1"":{""1"":false,""2"":false,""3"":true},""confidence2"":{""1"":false,""2"":false,""3"":true},""confidence3"":{""1"":false,""2"":false,""3"":true},""location"":{""indoors"":false,""outdoors"":true},""type"":{""man-made"":true,""natural"":false}}]"