caption,url,probs
a person drives around a futuristic looking vehicle while a man approaches her and a crowd watches .,https://derrickversion5.s3.amazonaws.com/flux_original/00000-42.png,"[4, 0, 0, 4, 0, 0, 0, 0, 0, 0, 0, 0, 0, 0, 0, 0]"
a brown dog running on a lawn near a garden hose,https://derrickversion5.s3.amazonaws.com/flux_original/00001-42.png,"[0, 2, 0, 0, 0, 0, 0, 0, 6, 0, 0, 0, 0, 0, 0, 0]"
a child in a dress runs through the yard with a miniature orange soccer ball in her hand .,https://derrickversion5.s3.amazonaws.com/flux_original/00002-42.png,"[0, 4, 0, 0, 0, 2, 0, 0, 2, 0, 0, 0, 0, 0, 0, 0]"
a woman sleeps under a blue and white blanket in a car .,https://derrickversion5.s3.amazonaws.com/flux_original/00003-42.png,"[2, 0, 0, 0, 0, 0, 0, 0, 0, 0, 0, 0, 0, 6, 0, 0]"
a man is kneeling down with a child on a beach where bright blue and red boats are stationed in the background .,https://derrickversion5.s3.amazonaws.com/flux_original/00004-42.png,"[0, 0, 0, 8, 0, 0, 0, 0, 0, 0, 0, 0, 0, 0, 0, 0]"
men playing volleyball in the sand .,https://derrickversion5.s3.amazonaws.com/flux_original/00005-42.png,"[0, 0, 0, 8, 0, 0, 0, 0, 0, 0, 0, 0, 0, 0, 0, 0]"
a little boy playing in the water .,https://derrickversion5.s3.amazonaws.com/flux_original/00006-42.png,"[0, 0, 0, 8, 0, 0, 0, 0, 0, 0, 0, 0, 0, 0, 0, 0]"
a blond dog and a black and white dog run in a dirt field .,https://derrickversion5.s3.amazonaws.com/flux_original/00007-42.png,"[0, 0, 0, 0, 4, 0, 0, 0, 0, 4, 0, 0, 0, 0, 0, 0]"
a person dressed in a tan jacket jumps a quad over a harvested cornfield in front of a small out building .,https://derrickversion5.s3.amazonaws.com/flux_original/00008-42.png,"[0, 0, 0, 0, 2, 0, 0, 2, 0, 0, 4, 0, 0, 0, 0, 0]"
girl wearing blue shirt and black shorts plays trumped outside .,https://derrickversion5.s3.amazonaws.com/flux_original/00009-42.png,"[0, 0, 0, 0, 8, 0, 0, 0, 0, 0, 0, 0, 0, 0, 0, 0]"
kids play around a statue bust outside .,https://derrickversion5.s3.amazonaws.com/flux_original/00010-42.png,"[0, 8, 0, 0, 0, 0, 0, 0, 0, 0, 0, 0, 0, 0, 0, 0]"
a woman is drinking a beverage in a busy cafe .,https://derrickversion5.s3.amazonaws.com/flux_original/00011-42.png,"[0, 0, 0, 0, 0, 0, 0, 0, 0, 0, 0, 0, 8, 0, 0, 0]"
"three children are playing outdoors , two of them on a metal barrel swing .",https://derrickversion5.s3.amazonaws.com/flux_original/00012-42.png,"[0, 4, 0, 0, 2, 0, 0, 0, 2, 0, 0, 0, 0, 0, 0, 0]"
two children swing in dusty rooftop from a swing made from a steel drum .,https://derrickversion5.s3.amazonaws.com/flux_original/00013-42.png,"[4, 0, 0, 0, 0, 0, 0, 2, 2, 0, 0, 0, 0, 0, 0, 0]"
"person leaning against the wall , next to a life size cartoon cut out .",https://derrickversion5.s3.amazonaws.com/flux_original/00014-42.png,"[0, 0, 0, 0, 0, 6, 0, 0, 0, 0, 0, 2, 0, 0, 0, 0]"
two swimmers race in a pool with a red line between them .,https://derrickversion5.s3.amazonaws.com/flux_original/00015-42.png,"[0, 4, 4, 0, 0, 0, 0, 0, 0, 0, 0, 0, 0, 0, 0, 0]"
an older couple passes by a young lady on the sidewalk .,https://derrickversion5.s3.amazonaws.com/flux_original/00016-42.png,"[8, 0, 0, 0, 0, 0, 0, 0, 0, 0, 0, 0, 0, 0, 0, 0]"
three children are practicing martial arts in a gym .,https://derrickversion5.s3.amazonaws.com/flux_original/00017-42.png,"[0, 0, 8, 0, 0, 0, 0, 0, 0, 0, 0, 0, 0, 0, 0, 0]"
a lady with short hair wearing a black jacket leaned against a lamp post outside a building .,https://derrickversion5.s3.amazonaws.com/flux_original/00018-42.png,"[8, 0, 0, 0, 0, 0, 0, 0, 0, 0, 0, 0, 0, 0, 0, 0]"
a man perched on a row of aquariums is using a net to scoop a fish from another aquarium .,https://derrickversion5.s3.amazonaws.com/flux_original/00019-42.png,"[0, 0, 6, 0, 0, 0, 0, 0, 0, 0, 0, 2, 0, 0, 0, 0]"
a dark-haired man is speaking into a microphone while another man is sitting beside him .,https://derrickversion5.s3.amazonaws.com/flux_original/00020-42.png,"[0, 0, 0, 0, 0, 0, 8, 0, 0, 0, 0, 0, 0, 0, 0, 0]"
people pass each other on a busy city street while talking on their cellphones .,https://derrickversion5.s3.amazonaws.com/flux_original/00021-42.png,"[8, 0, 0, 0, 0, 0, 0, 0, 0, 0, 0, 0, 0, 0, 0, 0]"
person with two ski poles skiing down a snowy hill .,https://derrickversion5.s3.amazonaws.com/flux_original/00022-42.png,"[0, 0, 0, 0, 0, 0, 0, 0, 0, 8, 0, 0, 0, 0, 0, 0]"
"a man in a blue swimsuit and a red beanie kneels in the wet sand on the edge of a beach , making a sand castle that is as tall as he is when he is kneeling .",https://derrickversion5.s3.amazonaws.com/flux_original/00023-42.png,"[0, 0, 0, 8, 0, 0, 0, 0, 0, 0, 0, 0, 0, 0, 0, 0]"
a black dog runs on green grass with its mouth open .,https://derrickversion5.s3.amazonaws.com/flux_original/00024-42.png,"[0, 0, 0, 0, 8, 0, 0, 0, 0, 0, 0, 0, 0, 0, 0, 0]"
decorated limo passing by elderly woman waiting on park bench in chinese street .,https://derrickversion5.s3.amazonaws.com/flux_original/00025-42.png,"[8, 0, 0, 0, 0, 0, 0, 0, 0, 0, 0, 0, 0, 0, 0, 0]"
three people in various stages of swimming strokes race along colorful lane markers .,https://derrickversion5.s3.amazonaws.com/flux_original/00026-42.png,"[0, 2, 6, 0, 0, 0, 0, 0, 0, 0, 0, 0, 0, 0, 0, 0]"
one dog is jumping at the lady while the other walks away .,https://derrickversion5.s3.amazonaws.com/flux_original/00027-42.png,"[0, 2, 0, 0, 6, 0, 0, 0, 0, 0, 0, 0, 0, 0, 0, 0]"
a motorcyclist on a red speed bike leans into a sharp turn .,https://derrickversion5.s3.amazonaws.com/flux_original/00028-42.png,"[8, 0, 0, 0, 0, 0, 0, 0, 0, 0, 0, 0, 0, 0, 0, 0]"
a man is sitting on the street playing drums on buckets .,https://derrickversion5.s3.amazonaws.com/flux_original/00029-42.png,"[8, 0, 0, 0, 0, 0, 0, 0, 0, 0, 0, 0, 0, 0, 0, 0]"
a lively adult karate practice at the dojo .,https://derrickversion5.s3.amazonaws.com/flux_original/00030-42.png,"[0, 0, 8, 0, 0, 0, 0, 0, 0, 0, 0, 0, 0, 0, 0, 0]"
a red dog jumps to catch a tennis ball in the dry tall grass .,https://derrickversion5.s3.amazonaws.com/flux_original/00031-42.png,"[0, 0, 0, 0, 8, 0, 0, 0, 0, 0, 0, 0, 0, 0, 0, 0]"
the brown dog catches a ball in the air .,https://derrickversion5.s3.amazonaws.com/flux_original/00032-42.png,"[0, 0, 0, 0, 8, 0, 0, 0, 0, 0, 0, 0, 0, 0, 0, 0]"
the little girl swings in the backyard .,https://derrickversion5.s3.amazonaws.com/flux_original/00033-42.png,"[0, 2, 0, 0, 0, 0, 0, 0, 6, 0, 0, 0, 0, 0, 0, 0]"
"four young adults sit outside on a wooden deck near a building around a small round table , while another person stands on the edge of the deck , leaning on the wooden railing , with the sun shining on one of them and the rest of them are in the shade , two of them crossing their legs , one holding a cellphone out in front of himself and another holding a green and red soda can .",https://derrickversion5.s3.amazonaws.com/flux_original/00034-42.png,"[0, 0, 0, 0, 0, 0, 0, 0, 8, 0, 0, 0, 0, 0, 0, 0]"
a woman is having her foot examined by another woman in a run-down building .,https://derrickversion5.s3.amazonaws.com/flux_original/00035-42.png,"[0, 0, 0, 0, 0, 8, 0, 0, 0, 0, 0, 0, 0, 0, 0, 0]"
a woman is holding a baby while another child stands by her side .,https://derrickversion5.s3.amazonaws.com/flux_original/00036-42.png,"[2, 0, 0, 0, 0, 0, 0, 0, 6, 0, 0, 0, 0, 0, 0, 0]"
a gray dog is jumping toward a black and white dog in the snow .,https://derrickversion5.s3.amazonaws.com/flux_original/00037-42.png,"[0, 0, 0, 0, 6, 0, 0, 0, 0, 2, 0, 0, 0, 0, 0, 0]"
a black and white dog runs beside a brown dog in a green field .,https://derrickversion5.s3.amazonaws.com/flux_original/00038-42.png,"[0, 0, 0, 0, 8, 0, 0, 0, 0, 0, 0, 0, 0, 0, 0, 0]"
a dark-haired dark-skinned child sleeps in a chair while holding a blue zippered pack .,https://derrickversion5.s3.amazonaws.com/flux_original/00039-42.png,"[0, 0, 0, 0, 0, 6, 0, 0, 0, 0, 0, 0, 0, 2, 0, 0]"
a man in a black shirt sitting next to a older women in a pink jacket on a train .,https://derrickversion5.s3.amazonaws.com/flux_original/00040-42.png,"[0, 0, 0, 0, 0, 0, 0, 0, 0, 0, 0, 0, 0, 8, 0, 0]"
a man grilling outside his house .,https://derrickversion5.s3.amazonaws.com/flux_original/00041-42.png,"[0, 0, 0, 0, 0, 0, 0, 0, 8, 0, 0, 0, 0, 0, 0, 0]"
a person wearing a construction uniform is leaning against a traffic light pole on the sidewalk .,https://derrickversion5.s3.amazonaws.com/flux_original/00042-42.png,"[8, 0, 0, 0, 0, 0, 0, 0, 0, 0, 0, 0, 0, 0, 0, 0]"
a man is rowing a canoe on a lake .,https://derrickversion5.s3.amazonaws.com/flux_original/00043-42.png,"[0, 0, 0, 8, 0, 0, 0, 0, 0, 0, 0, 0, 0, 0, 0, 0]"
a man in red shirt wearing sunglasses is leaning on the wall,https://derrickversion5.s3.amazonaws.com/flux_original/00044-42.png,"[8, 0, 0, 0, 0, 0, 0, 0, 0, 0, 0, 0, 0, 0, 0, 0]"
a handicapped person with one leg skiing down a mountain with other mountains in the background .,https://derrickversion5.s3.amazonaws.com/flux_original/00045-42.png,"[0, 0, 0, 0, 0, 0, 0, 0, 0, 8, 0, 0, 0, 0, 0, 0]"
a woman is selling vegetables on the street .,https://derrickversion5.s3.amazonaws.com/flux_original/00046-42.png,"[4, 0, 0, 0, 0, 0, 0, 0, 0, 0, 4, 0, 0, 0, 0, 0]"
two people are jumping on the side of a road with snow in the background .,https://derrickversion5.s3.amazonaws.com/flux_original/00047-42.png,"[6, 0, 0, 0, 0, 0, 0, 0, 0, 2, 0, 0, 0, 0, 0, 0]"
street vendors are selling fruits and vegetables in a stand and in large baskets on the ground .,https://derrickversion5.s3.amazonaws.com/flux_original/00048-42.png,"[8, 0, 0, 0, 0, 0, 0, 0, 0, 0, 0, 0, 0, 0, 0, 0]"
a man rows his boat below .,https://derrickversion5.s3.amazonaws.com/flux_original/00049-42.png,"[0, 0, 0, 8, 0, 0, 0, 0, 0, 0, 0, 0, 0, 0, 0, 0]"
a terrier mix catches a frisbee in the air .,https://derrickversion5.s3.amazonaws.com/flux_original/00050-42.png,"[0, 0, 0, 0, 8, 0, 0, 0, 0, 0, 0, 0, 0, 0, 0, 0]"
"a man in a white polo shirt speaks into a microphone with a sign behind him that reads, truth !",https://derrickversion5.s3.amazonaws.com/flux_original/00051-42.png,"[0, 0, 0, 0, 0, 0, 2, 0, 0, 0, 0, 6, 0, 0, 0, 0]"
two young people riding skateboards pass by in the street as a black dog on a red leash stops in a doorway and squats down on the sidewalk .,https://derrickversion5.s3.amazonaws.com/flux_original/00052-42.png,"[8, 0, 0, 0, 0, 0, 0, 0, 0, 0, 0, 0, 0, 0, 0, 0]"
crowd waiting on main street subway platform for a train .,https://derrickversion5.s3.amazonaws.com/flux_original/00053-42.png,"[0, 0, 0, 0, 0, 0, 0, 0, 0, 0, 0, 0, 0, 8, 0, 0]"
four women are on stage singing .,https://derrickversion5.s3.amazonaws.com/flux_original/00054-42.png,"[0, 0, 8, 0, 0, 0, 0, 0, 0, 0, 0, 0, 0, 0, 0, 0]"
two men drink beer at the bar in a restaurant .,https://derrickversion5.s3.amazonaws.com/flux_original/00055-42.png,"[0, 0, 0, 0, 0, 0, 0, 0, 0, 0, 0, 0, 8, 0, 0, 0]"
two women in white lab coats examine a dyed area on a cluster of cells using a projector .,https://derrickversion5.s3.amazonaws.com/flux_original/00056-42.png,"[0, 0, 0, 0, 0, 0, 8, 0, 0, 0, 0, 0, 0, 0, 0, 0]"
two rows of dance students are practicing ballet moves against a pole in a studio .,https://derrickversion5.s3.amazonaws.com/flux_original/00057-42.png,"[0, 0, 8, 0, 0, 0, 0, 0, 0, 0, 0, 0, 0, 0, 0, 0]"
white and black dog jumping over red-haired dog in grass .,https://derrickversion5.s3.amazonaws.com/flux_original/00058-42.png,"[0, 0, 0, 0, 8, 0, 0, 0, 0, 0, 0, 0, 0, 0, 0, 0]"
a smiling child wearing a hat and sunglasses sits in a car .,https://derrickversion5.s3.amazonaws.com/flux_original/00059-42.png,"[2, 0, 0, 0, 0, 0, 0, 0, 0, 0, 0, 0, 0, 6, 0, 0]"
a woman is using a ruler at a desk to mark a sheet of paper .,https://derrickversion5.s3.amazonaws.com/flux_original/00061-42.png,"[0, 0, 0, 0, 0, 4, 4, 0, 0, 0, 0, 0, 0, 0, 0, 0]"
two dogs are catching blue frisbees in grass .,https://derrickversion5.s3.amazonaws.com/flux_original/00062-42.png,"[0, 2, 0, 0, 6, 0, 0, 0, 0, 0, 0, 0, 0, 0, 0, 0]"
a man is singing at a concert .,https://derrickversion5.s3.amazonaws.com/flux_original/00063-42.png,"[0, 0, 6, 0, 0, 0, 0, 2, 0, 0, 0, 0, 0, 0, 0, 0]"
three young women and one young man singing in an auditorium .,https://derrickversion5.s3.amazonaws.com/flux_original/00064-42.png,"[0, 0, 8, 0, 0, 0, 0, 0, 0, 0, 0, 0, 0, 0, 0, 0]"
a group of men in golden shirts singing in front of a microphone .,https://derrickversion5.s3.amazonaws.com/flux_original/00065-42.png,"[0, 0, 8, 0, 0, 0, 0, 0, 0, 0, 0, 0, 0, 0, 0, 0]"
"a man wearing jeans , polo shirt and a baseball cap , fork in hand , is grilling meat outside in a fenced yard .",https://derrickversion5.s3.amazonaws.com/flux_original/00066-42.png,"[0, 2, 0, 0, 0, 0, 0, 0, 6, 0, 0, 0, 0, 0, 0, 0]"
vendors sell products at a farmers market .,https://derrickversion5.s3.amazonaws.com/flux_original/00067-42.png,"[2, 0, 0, 0, 0, 0, 0, 2, 0, 0, 4, 0, 0, 0, 0, 0]"
people examine books in a library .,https://derrickversion5.s3.amazonaws.com/flux_original/00068-42.png,"[0, 0, 0, 0, 0, 0, 8, 0, 0, 0, 0, 0, 0, 0, 0, 0]"
a woman sits on a shoe store 's bench while putting a shoe onto her right foot .,https://derrickversion5.s3.amazonaws.com/flux_original/00069-42.png,"[0, 0, 0, 0, 0, 0, 8, 0, 0, 0, 0, 0, 0, 0, 0, 0]"
"several people in the mid-ground sit on a bench along the side of a white building , while three people stand in a courtyard in front of the building .",https://derrickversion5.s3.amazonaws.com/flux_original/00070-42.png,"[2, 0, 0, 0, 0, 0, 0, 2, 4, 0, 0, 0, 0, 0, 0, 0]"
two girls are in a sack race .,https://derrickversion5.s3.amazonaws.com/flux_original/00071-42.png,"[0, 0, 0, 0, 8, 0, 0, 0, 0, 0, 0, 0, 0, 0, 0, 0]"
an orchestra of about <number> people are practicing on the stage of what appears to be an auditorium full of green chairs .,https://derrickversion5.s3.amazonaws.com/flux_original/00072-42.png,"[0, 0, 8, 0, 0, 0, 0, 0, 0, 0, 0, 0, 0, 0, 0, 0]"
the man in the red shirt and flowery tie is sitting on a bus by the window .,https://derrickversion5.s3.amazonaws.com/flux_original/00073-42.png,"[2, 0, 0, 0, 0, 0, 0, 0, 0, 0, 0, 0, 0, 6, 0, 0]"
muzzled greyhounds are racing on the track .,https://derrickversion5.s3.amazonaws.com/flux_original/00074-42.png,"[0, 6, 0, 0, 2, 0, 0, 0, 0, 0, 0, 0, 0, 0, 0, 0]"
little girl skis on slope .,https://derrickversion5.s3.amazonaws.com/flux_original/00075-42.png,"[0, 0, 0, 0, 0, 0, 0, 0, 0, 8, 0, 0, 0, 0, 0, 0]"
"two girls , both dressed in pink , swinging on sunlight day with the nearby trees casting random shadows on the remainder of the park like setting .",https://derrickversion5.s3.amazonaws.com/flux_original/00076-42.png,"[0, 4, 0, 0, 4, 0, 0, 0, 0, 0, 0, 0, 0, 0, 0, 0]"
"in a restaurant , a teenager drinks directly out of the metal milkshake serving cup .",https://derrickversion5.s3.amazonaws.com/flux_original/00077-42.png,"[0, 0, 0, 0, 0, 0, 0, 0, 0, 0, 0, 0, 8, 0, 0, 0]"
a man is enjoying meal and drink inside a restaurant .,https://derrickversion5.s3.amazonaws.com/flux_original/00078-42.png,"[0, 0, 0, 0, 0, 0, 0, 0, 0, 0, 0, 0, 8, 0, 0, 0]"
a man drives a truck while a child sits on his lap and steers .,https://derrickversion5.s3.amazonaws.com/flux_original/00079-42.png,"[2, 0, 0, 0, 0, 0, 0, 0, 0, 0, 0, 0, 0, 6, 0, 0]"
an asian man sells a hot confection from his stand in a crowded market .,https://derrickversion5.s3.amazonaws.com/flux_original/00080-42.png,"[4, 0, 0, 0, 0, 0, 0, 0, 0, 0, 4, 0, 0, 0, 0, 0]"
a man singing in a very colorful environment .,https://derrickversion5.s3.amazonaws.com/flux_original/00081-42.png,"[0, 0, 4, 0, 0, 0, 0, 0, 0, 0, 0, 4, 0, 0, 0, 0]"
people are rowing a boat in the water .,https://derrickversion5.s3.amazonaws.com/flux_original/00082-42.png,"[0, 0, 0, 8, 0, 0, 0, 0, 0, 0, 0, 0, 0, 0, 0, 0]"
a man sleeps while listening to his ipod in the back of a vehicle .,https://derrickversion5.s3.amazonaws.com/flux_original/00083-42.png,"[2, 0, 0, 0, 0, 0, 0, 0, 0, 0, 0, 0, 0, 6, 0, 0]"
a greyhound races on the dirt .,https://derrickversion5.s3.amazonaws.com/flux_original/00084-42.png,"[0, 4, 0, 0, 4, 0, 0, 0, 0, 0, 0, 0, 0, 0, 0, 0]"
a man and a woman are examining produce at a market .,https://derrickversion5.s3.amazonaws.com/flux_original/00085-42.png,"[0, 0, 0, 0, 0, 0, 6, 0, 0, 0, 2, 0, 0, 0, 0, 0]"
a man in a yellow jacket is skiing in the snow .,https://derrickversion5.s3.amazonaws.com/flux_original/00086-42.png,"[0, 0, 0, 0, 0, 0, 0, 0, 0, 8, 0, 0, 0, 0, 0, 0]"
a man driving a small golf cart down a street with a crowd watching him on either side of the street .,https://derrickversion5.s3.amazonaws.com/flux_original/00087-42.png,"[8, 0, 0, 0, 0, 0, 0, 0, 0, 0, 0, 0, 0, 0, 0, 0]"
group of women doing a presentation off an easel .,https://derrickversion5.s3.amazonaws.com/flux_original/00088-42.png,"[0, 0, 0, 0, 0, 4, 2, 0, 0, 0, 0, 2, 0, 0, 0, 0]"
two dogs are nose to nose while a third dog stands next to them .,https://derrickversion5.s3.amazonaws.com/flux_original/00089-42.png,"[0, 4, 0, 0, 4, 0, 0, 0, 0, 0, 0, 0, 0, 0, 0, 0]"
man with gray hair wearing a suit is waiting in a subway tunnel .,https://derrickversion5.s3.amazonaws.com/flux_original/00090-42.png,"[0, 0, 0, 0, 0, 0, 0, 0, 0, 0, 0, 0, 0, 8, 0, 0]"
two men on motorcycles are driving down an empty street .,https://derrickversion5.s3.amazonaws.com/flux_original/00091-42.png,"[8, 0, 0, 0, 0, 0, 0, 0, 0, 0, 0, 0, 0, 0, 0, 0]"
a runner in black is passing an outdoor florist shop .,https://derrickversion5.s3.amazonaws.com/flux_original/00092-42.png,"[6, 2, 0, 0, 0, 0, 0, 0, 0, 0, 0, 0, 0, 0, 0, 0]"
"a crowd waits outside a subway train , ready to board .",https://derrickversion5.s3.amazonaws.com/flux_original/00093-42.png,"[2, 0, 0, 0, 0, 0, 0, 0, 0, 0, 0, 0, 0, 6, 0, 0]"
brown dog catches a pink ball in the park .,https://derrickversion5.s3.amazonaws.com/flux_original/00094-42.png,"[0, 2, 0, 0, 6, 0, 0, 0, 0, 0, 0, 0, 0, 0, 0, 0]"
two people on the subway are sleeping in the corner .,https://derrickversion5.s3.amazonaws.com/flux_original/00095-42.png,"[0, 0, 0, 0, 0, 0, 0, 0, 0, 0, 0, 0, 0, 8, 0, 0]"
two guys are rowing a canoe on a lake .,https://derrickversion5.s3.amazonaws.com/flux_original/00096-42.png,"[0, 0, 0, 8, 0, 0, 0, 0, 0, 0, 0, 0, 0, 0, 0, 0]"
"a man driving a small , open vehicle with a green sign on the back of it in traffic .",https://derrickversion5.s3.amazonaws.com/flux_original/00097-42.png,"[8, 0, 0, 0, 0, 0, 0, 0, 0, 0, 0, 0, 0, 0, 0, 0]"
three women and a man are drinking beer at a table .,https://derrickversion5.s3.amazonaws.com/flux_original/00098-42.png,"[0, 0, 0, 0, 0, 0, 0, 0, 0, 0, 0, 0, 4, 0, 0, 0]"
a man wearing yellow swimming trunks kneeling by the ocean,https://derrickversion5.s3.amazonaws.com/flux_original/00099-42.png,"[0, 0, 0, 4, 0, 0, 0, 0, 0, 0, 0, 0, 0, 0, 0, 0]"
a man with red pants is skiing downhill .,https://derrickversion5.s3.amazonaws.com/flux_original/00100-42.png,"[0, 0, 0, 0, 0, 0, 0, 0, 0, 4, 0, 0, 0, 0, 0, 0]"
a spotted dog catching a ball on a snowy field .,https://derrickversion5.s3.amazonaws.com/flux_original/00101-42.png,"[0, 0, 0, 0, 3, 0, 0, 0, 0, 1, 0, 0, 0, 0, 0, 0]"
a chef speaks into a microphone about a mixed salad contained in a bowl with a decorative lid .,https://derrickversion5.s3.amazonaws.com/flux_original/00102-42.png,"[0, 0, 0, 0, 0, 0, 2, 0, 0, 0, 0, 0, 2, 0, 0, 0]"
a woman is laying down on a sofa laughing .,https://derrickversion5.s3.amazonaws.com/flux_original/00103-42.png,"[0, 0, 0, 0, 0, 4, 0, 0, 0, 0, 0, 0, 0, 0, 0, 0]"
three women speak to each other in a room with tan walls .,https://derrickversion5.s3.amazonaws.com/flux_original/00104-42.png,"[0, 0, 0, 0, 0, 0, 4, 0, 0, 0, 0, 0, 0, 0, 0, 0]"
stage dancers practicing their dance routines .,https://derrickversion5.s3.amazonaws.com/flux_original/00105-42.png,"[0, 0, 4, 0, 0, 0, 0, 0, 0, 0, 0, 0, 0, 0, 0, 0]"
two furry light brown dogs lying on a hardwood floor .,https://derrickversion5.s3.amazonaws.com/flux_original/00106-42.png,"[0, 0, 0, 0, 0, 4, 0, 0, 0, 0, 0, 0, 0, 0, 0, 0]"
a dog wearing a t-shirt is lying down .,https://derrickversion5.s3.amazonaws.com/flux_original/00107-42.png,"[0, 0, 0, 0, 0, 4, 0, 0, 0, 0, 0, 0, 0, 0, 0, 0]"
a man is giving a presentation in front of three people .,https://derrickversion5.s3.amazonaws.com/flux_original/00108-42.png,"[0, 0, 0, 0, 0, 0, 4, 0, 0, 0, 0, 0, 0, 0, 0, 0]"
all these people are enjoying a basement dance party .,https://derrickversion5.s3.amazonaws.com/flux_original/00109-42.png,"[0, 0, 0, 0, 0, 4, 0, 0, 0, 0, 0, 0, 0, 0, 0, 0]"
a young boy wearing a dark blue hat sleeps on a bench at a terminal .,https://derrickversion5.s3.amazonaws.com/flux_original/00110-42.png,"[1, 0, 0, 0, 0, 0, 0, 0, 0, 0, 0, 0, 0, 3, 0, 0]"
an old woman is selling produce at a farmer 's market .,https://derrickversion5.s3.amazonaws.com/flux_original/00111-42.png,"[0, 1, 0, 0, 0, 0, 0, 1, 0, 0, 2, 0, 0, 0, 0, 0]"
"a ruddy infant lies on a patterned sheet with his eyes closed , his mouth open , and his arm extended .",https://derrickversion5.s3.amazonaws.com/flux_original/00112-42.png,"[0, 0, 0, 0, 0, 3, 0, 0, 0, 0, 0, 1, 0, 0, 0, 0]"
a man in a white shirt uses a blackboard as others sit at a table watching .,https://derrickversion5.s3.amazonaws.com/flux_original/00113-42.png,"[0, 0, 0, 0, 0, 0, 4, 0, 0, 0, 0, 0, 0, 0, 0, 0]"
a man rowing in the front of a canoe in a large body of water .,https://derrickversion5.s3.amazonaws.com/flux_original/00114-42.png,"[0, 0, 0, 4, 0, 0, 0, 0, 0, 0, 0, 0, 0, 0, 0, 0]"
a korean woman is enjoying a meal in a restaurant .,https://derrickversion5.s3.amazonaws.com/flux_original/00115-42.png,"[0, 0, 1, 0, 0, 0, 0, 0, 0, 0, 0, 0, 3, 0, 0, 0]"
a man grilling meat on an outdoor grilling pit .,https://derrickversion5.s3.amazonaws.com/flux_original/00116-42.png,"[0, 2, 0, 0, 1, 0, 0, 0, 1, 0, 0, 0, 0, 0, 0, 0]"
two girls and three boys are presenting in front of a dry erase board .,https://derrickversion5.s3.amazonaws.com/flux_original/00117-42.png,"[0, 0, 0, 0, 0, 1, 3, 0, 0, 0, 0, 0, 0, 0, 0, 0]"
asian students are examining sheets of paper while standing in line .,https://derrickversion5.s3.amazonaws.com/flux_original/00118-42.png,"[0, 0, 0, 0, 0, 0, 4, 0, 0, 0, 0, 0, 0, 0, 0, 0]"
a man in a dark shirt is making a presentation in front of a group .,https://derrickversion5.s3.amazonaws.com/flux_original/00119-42.png,"[0, 0, 0, 0, 0, 0, 4, 0, 0, 0, 0, 0, 0, 0, 0, 0]"
four people in black shirts giving a presentation to a room full of people using a big projector image on the wall .,https://derrickversion5.s3.amazonaws.com/flux_original/00120-42.png,"[0, 0, 0, 0, 0, 0, 3, 0, 0, 0, 0, 0, 0, 1, 0, 0]"
two women in black enjoying a lunch in a restaurant .,https://derrickversion5.s3.amazonaws.com/flux_original/00121-42.png,"[0, 0, 0, 0, 0, 0, 0, 0, 0, 0, 0, 0, 4, 0, 0, 0]"
a boy and girl child swing together on a swing set .,https://derrickversion5.s3.amazonaws.com/flux_original/00122-42.png,"[0, 3, 0, 0, 0, 0, 0, 0, 1, 0, 0, 0, 0, 0, 0, 0]"
an older man and women are using computers in a sort of storage room .,https://derrickversion5.s3.amazonaws.com/flux_original/00123-42.png,"[0, 0, 0, 0, 0, 0, 4, 0, 0, 0, 0, 0, 0, 0, 0, 0]"
three girls or friends having drinks at a bar laughing .,https://derrickversion5.s3.amazonaws.com/flux_original/00124-42.png,"[0, 0, 0, 0, 0, 0, 0, 0, 0, 0, 0, 0, 4, 0, 0, 0]"
a well dressed young woman waits on a bench for the train while a man busy writing something waits nearby .,https://derrickversion5.s3.amazonaws.com/flux_original/00125-42.png,"[0, 0, 0, 0, 0, 0, 0, 0, 0, 0, 0, 0, 0, 4, 0, 0]"
buff african american man waits for subway at wall street station .,https://derrickversion5.s3.amazonaws.com/flux_original/00126-42.png,"[1, 0, 0, 0, 0, 0, 0, 0, 0, 0, 0, 0, 0, 3, 0, 0]"
a man in a suit and tie in a fancy building is speaking at the podium .,https://derrickversion5.s3.amazonaws.com/flux_original/00127-42.png,"[0, 0, 0, 0, 0, 0, 3, 0, 0, 0, 0, 1, 0, 0, 0, 0]"
"people swing on a red , metal amusement park ride in front of some trees .",https://derrickversion5.s3.amazonaws.com/flux_original/00128-42.png,"[0, 4, 0, 0, 0, 0, 0, 0, 0, 0, 0, 0, 0, 0, 0, 0]"
a man is using his computer while seated at a desk .,https://derrickversion5.s3.amazonaws.com/flux_original/00129-42.png,"[0, 0, 0, 0, 0, 2, 2, 0, 0, 0, 0, 0, 0, 0, 0, 0]"
a man and woman enjoying dinner at a party .,https://derrickversion5.s3.amazonaws.com/flux_original/00130-42.png,"[0, 0, 0, 0, 0, 0, 0, 0, 0, 0, 0, 0, 1, 0, 0, 3]"
a group of people lie close together on a hardwood floor .,https://derrickversion5.s3.amazonaws.com/flux_original/00131-42.png,"[0, 0, 1, 0, 0, 3, 0, 0, 0, 0, 0, 0, 0, 0, 0, 0]"
"an impoverished person , wearing a torn brown shirt and no shoes , is kneeling down along the banks of a trash infested body of water .",https://derrickversion5.s3.amazonaws.com/flux_original/00132-42.png,"[0, 0, 0, 4, 0, 0, 0, 0, 0, 0, 0, 0, 0, 0, 0, 0]"
a woman with a peace symbol on her shirt grills vegetables,https://derrickversion5.s3.amazonaws.com/flux_original/00133-42.png,"[0, 1, 0, 0, 0, 0, 0, 0, 3, 0, 0, 0, 0, 0, 0, 0]"
a man grilling three pieces of salmon outside .,https://derrickversion5.s3.amazonaws.com/flux_original/00134-42.png,"[0, 1, 0, 0, 1, 0, 0, 0, 2, 0, 0, 0, 0, 0, 0, 0]"
a person drives around a futuristic looking vehicle while a man approaches and a crowd watches .,https://derrickversion5.s3.amazonaws.com/flux_finalized/00000-2232093028.png,"[8, 0, 0, 0, 0, 0, 0, 0, 0, 0, 0, 0, 0, 0, 0, 0]"
a brown dog running,https://derrickversion5.s3.amazonaws.com/flux_finalized/00001-2214606167.png,"[0, 4, 0, 0, 4, 0, 0, 0, 0, 0, 0, 0, 0, 0, 0, 0]"
a child in a dress runs with a miniature orange soccer ball .,https://derrickversion5.s3.amazonaws.com/flux_finalized/00002-3617930610.png,"[0, 6, 0, 0, 2, 0, 0, 0, 0, 0, 0, 0, 0, 0, 0, 0]"
a woman sleeps,https://derrickversion5.s3.amazonaws.com/flux_finalized/00003-2926572861.png,"[0, 0, 0, 0, 0, 8, 0, 0, 0, 0, 0, 0, 0, 0, 0, 0]"
a man is kneeling down with a child,https://derrickversion5.s3.amazonaws.com/flux_finalized/00004-1594952390.png,"[0, 0, 0, 0, 0, 8, 0, 0, 0, 0, 0, 0, 0, 0, 0, 0]"
men playing volleyball,https://derrickversion5.s3.amazonaws.com/flux_finalized/00005-3142992319.png,"[0, 8, 0, 0, 0, 0, 0, 0, 0, 0, 0, 0, 0, 0, 0, 0]"
a little boy playing.,https://derrickversion5.s3.amazonaws.com/flux_finalized/00006-1174747758.png,"[0, 2, 0, 0, 0, 0, 0, 0, 6, 0, 0, 0, 0, 0, 0, 0]"
a blond dog and a black and white dog run,https://derrickversion5.s3.amazonaws.com/flux_finalized/00007-3296001184.png,"[0, 0, 0, 0, 8, 0, 0, 0, 0, 0, 0, 0, 0, 0, 0, 0]"
a person dressed in a tan jacket jumps a quad over a harvested cornfield,https://derrickversion5.s3.amazonaws.com/flux_finalized/00008-1746267257.png,"[0, 0, 0, 0, 4, 0, 0, 0, 0, 0, 4, 0, 0, 0, 0, 0]"
girl wearing blue shirt and black shorts plays trumped .,https://derrickversion5.s3.amazonaws.com/flux_finalized/00009-3820916398.png,"[0, 0, 8, 0, 0, 0, 0, 0, 0, 0, 0, 0, 0, 0, 0, 0]"
Kids play,https://derrickversion5.s3.amazonaws.com/flux_finalized/00010-2093803445.png,"[0, 4, 0, 0, 0, 0, 0, 0, 4, 0, 0, 0, 0, 0, 0, 0]"
a woman is drinking a beverage,https://derrickversion5.s3.amazonaws.com/flux_finalized/00011-1759631480.png,"[0, 0, 0, 0, 0, 8, 0, 0, 0, 0, 0, 0, 0, 0, 0, 0]"
three children are playing .,https://derrickversion5.s3.amazonaws.com/flux_finalized/00012-3570698589.png,"[0, 6, 0, 0, 2, 0, 0, 0, 0, 0, 0, 0, 0, 0, 0, 0]"
two children swing from a swing made from a steel drum .,https://derrickversion5.s3.amazonaws.com/flux_finalized/00013-630601355.png,"[0, 6, 0, 0, 2, 0, 0, 0, 0, 0, 0, 0, 0, 0, 0, 0]"
Person leaning,https://derrickversion5.s3.amazonaws.com/flux_finalized/00014-1793957598.png,"[0, 0, 0, 0, 0, 4, 0, 0, 0, 0, 0, 4, 0, 0, 0, 0]"
two swimmers race with a red line .,https://derrickversion5.s3.amazonaws.com/flux_finalized/00015-1617660995.png,"[0, 6, 2, 0, 0, 0, 0, 0, 0, 0, 0, 0, 0, 0, 0, 0]"
an older couple passes by a young lady,https://derrickversion5.s3.amazonaws.com/flux_finalized/00016-2383346560.png,"[2, 4, 0, 0, 2, 0, 0, 0, 0, 0, 0, 0, 0, 0, 0, 0]"
three children are practicing martial arts.,https://derrickversion5.s3.amazonaws.com/flux_finalized/00017-4001115925.png,"[0, 0, 8, 0, 0, 0, 0, 0, 0, 0, 0, 0, 0, 0, 0, 0]"
a lady with short hair wearing a black jacket leaned .,https://derrickversion5.s3.amazonaws.com/flux_finalized/00018-1266668887.png,"[0, 0, 0, 0, 0, 2, 0, 0, 0, 0, 0, 6, 0, 0, 0, 0]"
a man perched is using a net to scoop a fish from another aquarium .,https://derrickversion5.s3.amazonaws.com/flux_finalized/00019-3632231477.png,"[0, 0, 8, 0, 0, 0, 0, 0, 0, 0, 0, 0, 0, 0, 0, 0]"
a dark-haired man is speaking into a microphone while another man is sitting .,https://derrickversion5.s3.amazonaws.com/flux_finalized/00020-2322833567.png,"[0, 0, 0, 0, 0, 0, 6, 0, 0, 0, 0, 0, 0, 2, 0, 0]"
people pass each other while talking on their cellphones .,https://derrickversion5.s3.amazonaws.com/flux_finalized/00021-943424846.png,"[8, 0, 0, 0, 0, 0, 0, 0, 0, 0, 0, 0, 0, 0, 0, 0]"
person with two ski poles skiing down .,https://derrickversion5.s3.amazonaws.com/flux_finalized/00022-2004775719.png,"[0, 0, 0, 0, 0, 0, 0, 0, 0, 8, 0, 0, 0, 0, 0, 0]"
a man in a blue swimsuit and a red beanie kneels making a sand castle that is as tall as he is when he is kneeling .,https://derrickversion5.s3.amazonaws.com/flux_finalized/00023-2532308258.png,"[0, 0, 0, 8, 0, 0, 0, 0, 0, 0, 0, 0, 0, 0, 0, 0]"
a black dog runs with his mouth open,https://derrickversion5.s3.amazonaws.com/flux_finalized/00024-3590275418.png,"[0, 2, 0, 0, 6, 0, 0, 0, 0, 0, 0, 0, 0, 0, 0, 0]"
decorated limo passing by elderly woman waiting on park bench .,https://derrickversion5.s3.amazonaws.com/flux_finalized/00025-586471191.png,"[8, 0, 0, 0, 0, 0, 0, 0, 0, 0, 0, 0, 0, 0, 0, 0]"
three people in various stages of swimming strokes race,https://derrickversion5.s3.amazonaws.com/flux_finalized/00026-4037571357.png,"[0, 0, 4, 4, 0, 0, 0, 0, 0, 0, 0, 0, 0, 0, 0, 0]"
one dog is jumping at the lady while the other walks,https://derrickversion5.s3.amazonaws.com/flux_finalized/00027-3886866532.png,"[4, 4, 0, 0, 0, 0, 0, 0, 0, 0, 0, 0, 0, 0, 0, 0]"
a motorcyclist on a red speed bike leans .,https://derrickversion5.s3.amazonaws.com/flux_finalized/00028-3984565023.png,"[8, 0, 0, 0, 0, 0, 0, 0, 0, 0, 0, 0, 0, 0, 0, 0]"
a man is sitting playing drums on buckets .,https://derrickversion5.s3.amazonaws.com/flux_finalized/00029-3915475653.png,"[8, 0, 0, 0, 0, 0, 0, 0, 0, 0, 0, 0, 0, 0, 0, 0]"
a lively adult karate practice,https://derrickversion5.s3.amazonaws.com/flux_finalized/00030-1473675224.png,"[0, 0, 6, 0, 0, 2, 0, 0, 0, 0, 0, 0, 0, 0, 0, 0]"
a red dog jumps to catch a tennis ball .,https://derrickversion5.s3.amazonaws.com/flux_finalized/00031-4256394349.png,"[0, 0, 0, 0, 0, 0, 0, 0, 0, 0, 0, 8, 0, 0, 0, 0]"
The brown dog catches a ball.,https://derrickversion5.s3.amazonaws.com/flux_finalized/00032-4001109921.png,"[0, 0, 0, 0, 8, 0, 0, 0, 0, 0, 0, 0, 0, 0, 0, 0]"
the little girl swings.,https://derrickversion5.s3.amazonaws.com/flux_finalized/00033-3972050052.png,"[0, 6, 0, 0, 2, 0, 0, 0, 0, 0, 0, 0, 0, 0, 0, 0]"
four young adults sit,https://derrickversion5.s3.amazonaws.com/flux_finalized/00034-231304466.png,"[0, 2, 0, 0, 6, 0, 0, 0, 0, 0, 0, 0, 0, 0, 0, 0]"
a woman is having her foot examined by another woman,https://derrickversion5.s3.amazonaws.com/flux_finalized/00035-1314012957.png,"[0, 0, 0, 0, 0, 4, 4, 0, 0, 0, 0, 0, 0, 0, 0, 0]"
a woman is holding a baby while another child stands .,https://derrickversion5.s3.amazonaws.com/flux_finalized/00036-3335768210.png,"[0, 0, 0, 0, 0, 8, 0, 0, 0, 0, 0, 0, 0, 0, 0, 0]"
a gray dog is jumping toward a black and white dog.,https://derrickversion5.s3.amazonaws.com/flux_finalized/00037-1539938918.png,"[0, 0, 0, 0, 8, 0, 0, 0, 0, 0, 0, 0, 0, 0, 0, 0]"
a black and white dog runs.,https://derrickversion5.s3.amazonaws.com/flux_finalized/00038-2833396721.png,"[0, 0, 0, 0, 8, 0, 0, 0, 0, 0, 0, 0, 0, 0, 0, 0]"
a dark-haired dark-skinned child sleeps while holding a blue zippered pack .,https://derrickversion5.s3.amazonaws.com/flux_finalized/00039-3178994220.png,"[0, 0, 0, 0, 0, 8, 0, 0, 0, 0, 0, 0, 0, 0, 0, 0]"
a man in a black shirt sitting,https://derrickversion5.s3.amazonaws.com/flux_finalized/00040-2947333872.png,"[0, 0, 0, 0, 0, 0, 2, 0, 0, 0, 0, 6, 0, 0, 0, 0]"
a man grilling,https://derrickversion5.s3.amazonaws.com/flux_finalized/00041-485948297.png,"[0, 4, 0, 0, 0, 0, 0, 0, 4, 0, 0, 0, 0, 0, 0, 0]"
a person wearing a construction uniform is leaning.,https://derrickversion5.s3.amazonaws.com/flux_finalized/00042-50448645.png,"[2, 0, 0, 0, 0, 0, 0, 2, 0, 0, 2, 0, 0, 0, 0, 2]"
a man is rowing a canoe.,https://derrickversion5.s3.amazonaws.com/flux_finalized/00043-4141176132.png,"[0, 0, 0, 8, 0, 0, 0, 0, 0, 0, 0, 0, 0, 0, 0, 0]"
a man in red shirt wearing sunglasses is leaning,https://derrickversion5.s3.amazonaws.com/flux_finalized/00044-907896610.png,"[2, 0, 0, 0, 0, 2, 0, 2, 2, 0, 0, 0, 0, 0, 0, 0]"
a handicapped person with one leg skiing down with other mountains .,https://derrickversion5.s3.amazonaws.com/flux_finalized/00045-1949646374.png,"[0, 0, 0, 0, 0, 0, 0, 0, 0, 8, 0, 0, 0, 0, 0, 0]"
a woman is selling vegetables .,https://derrickversion5.s3.amazonaws.com/flux_finalized/00046-1614265194.png,"[6, 0, 0, 0, 0, 0, 0, 0, 0, 0, 2, 0, 0, 0, 0, 0]"
two people are jumping with snow .,https://derrickversion5.s3.amazonaws.com/flux_finalized/00047-1991259086.png,"[0, 0, 0, 0, 6, 0, 0, 0, 0, 2, 0, 0, 0, 0, 0, 0]"
vendors are selling fruits and vegetables,https://derrickversion5.s3.amazonaws.com/flux_finalized/00048-3505002808.png,"[4, 0, 0, 0, 0, 0, 0, 0, 0, 0, 4, 0, 0, 0, 0, 0]"
a man rows his boat .,https://derrickversion5.s3.amazonaws.com/flux_finalized/00049-704250136.png,"[0, 0, 0, 8, 0, 0, 0, 0, 0, 0, 0, 0, 0, 0, 0, 0]"
a terrier mix catches a frisbee.,https://derrickversion5.s3.amazonaws.com/flux_finalized/00050-2123872095.png,"[0, 4, 0, 0, 2, 0, 0, 2, 0, 0, 0, 0, 0, 0, 0, 0]"
"a man in a white polo shirt speaks with a sign that reads, truth !",https://derrickversion5.s3.amazonaws.com/flux_finalized/00051-2822722039.png,"[0, 0, 0, 0, 0, 0, 0, 0, 0, 0, 0, 8, 0, 0, 0, 0]"
two young people riding skateboards pass by in the street as a black dog on a red leash stops and squats down.,https://derrickversion5.s3.amazonaws.com/flux_finalized/00052-2060332617.png,"[8, 0, 0, 0, 0, 0, 0, 0, 0, 0, 0, 0, 0, 0, 0, 0]"
crowd waiting for a train .,https://derrickversion5.s3.amazonaws.com/flux_finalized/00053-215520152.png,"[8, 0, 0, 0, 0, 0, 0, 0, 0, 0, 0, 0, 0, 0, 0, 0]"
four women are singing .,https://derrickversion5.s3.amazonaws.com/flux_finalized/00054-1212660078.png,"[0, 2, 6, 0, 0, 0, 0, 0, 0, 0, 0, 0, 0, 0, 0, 0]"
two men drink beer .,https://derrickversion5.s3.amazonaws.com/flux_finalized/00055-3615744699.png,"[0, 0, 0, 0, 0, 0, 0, 0, 0, 0, 0, 0, 8, 0, 0, 0]"
two women in white lab coats examine a dyed area using a projector .,https://derrickversion5.s3.amazonaws.com/flux_finalized/00056-519883407.png,"[0, 0, 0, 0, 0, 0, 8, 0, 0, 0, 0, 0, 0, 0, 0, 0]"
two rows of dance students are practicing ballet moves against a pole.,https://derrickversion5.s3.amazonaws.com/flux_finalized/00057-274851112.png,"[0, 0, 8, 0, 0, 0, 0, 0, 0, 0, 0, 0, 0, 0, 0, 0]"
white and black dog jumping over red-haired dog .,https://derrickversion5.s3.amazonaws.com/flux_finalized/00058-2320144491.png,"[0, 0, 0, 0, 0, 0, 0, 0, 0, 0, 0, 8, 0, 0, 0, 0]"
a smiling child wearing a hat and sunglasses sits.,https://derrickversion5.s3.amazonaws.com/flux_finalized/00059-2589216742.png,"[0, 4, 0, 2, 2, 0, 0, 0, 0, 0, 0, 0, 0, 0, 0, 0]"
a woman is using a ruler to mark a sheet of paper .,https://derrickversion5.s3.amazonaws.com/flux_finalized/00061-2169634037.png,"[0, 0, 0, 0, 0, 0, 8, 0, 0, 0, 0, 0, 0, 0, 0, 0]"
two dogs are catching blue frisbees.,https://derrickversion5.s3.amazonaws.com/flux_finalized/00062-1548775877.png,"[0, 2, 0, 0, 6, 0, 0, 0, 0, 0, 0, 0, 0, 0, 0, 0]"
a man is singing.,https://derrickversion5.s3.amazonaws.com/flux_finalized/00063-1023396466.png,"[0, 0, 8, 0, 0, 0, 0, 0, 0, 0, 0, 0, 0, 0, 0, 0]"
three young women and one young man singing.,https://derrickversion5.s3.amazonaws.com/flux_finalized/00064-3581648536.png,"[0, 0, 6, 0, 0, 0, 0, 0, 0, 0, 0, 2, 0, 0, 0, 0]"
a group of men in golden shirts singing.,https://derrickversion5.s3.amazonaws.com/flux_finalized/00065-2076749843.png,"[0, 0, 8, 0, 0, 0, 0, 0, 0, 0, 0, 0, 0, 0, 0, 0]"
"a man wearing jeans , polo shirt and a baseball cap , fork , is grilling meat .",https://derrickversion5.s3.amazonaws.com/flux_finalized/00066-3427256326.png,"[0, 2, 0, 0, 0, 0, 0, 0, 6, 0, 0, 0, 0, 0, 0, 0]"
vendors sell products.,https://derrickversion5.s3.amazonaws.com/flux_finalized/00067-2293476452.png,"[4, 0, 0, 0, 0, 0, 0, 0, 0, 0, 4, 0, 0, 0, 0, 0]"
people examine books.,https://derrickversion5.s3.amazonaws.com/flux_finalized/00068-1504370063.png,"[0, 0, 0, 0, 0, 0, 8, 0, 0, 0, 0, 0, 0, 0, 0, 0]"
a woman sits while putting a shoe onto her right foot .,https://derrickversion5.s3.amazonaws.com/flux_finalized/00069-3887896044.png,"[0, 0, 0, 0, 0, 8, 0, 0, 0, 0, 0, 0, 0, 0, 0, 0]"
several people sit,https://derrickversion5.s3.amazonaws.com/flux_finalized/00070-1335837484.png,"[0, 0, 0, 8, 0, 0, 0, 0, 0, 0, 0, 0, 0, 0, 0, 0]"
two girls are in a race .,https://derrickversion5.s3.amazonaws.com/flux_finalized/00071-4217257633.png,"[2, 4, 0, 0, 2, 0, 0, 0, 0, 0, 0, 0, 0, 0, 0, 0]"
an orchestra of about <number> people are practicing,https://derrickversion5.s3.amazonaws.com/flux_finalized/00072-1328011629.png,"[0, 0, 8, 0, 0, 0, 0, 0, 0, 0, 0, 0, 0, 0, 0, 0]"
the man in the red shirt and flowery tie is sitting.,https://derrickversion5.s3.amazonaws.com/flux_finalized/00073-1600930543.png,"[0, 0, 0, 0, 0, 0, 6, 0, 0, 0, 0, 2, 0, 0, 0, 0]"
muzzled greyhounds are racing.,https://derrickversion5.s3.amazonaws.com/flux_finalized/00074-2498047347.png,"[0, 6, 0, 0, 2, 0, 0, 0, 0, 0, 0, 0, 0, 0, 0, 0]"
little girl skis.,https://derrickversion5.s3.amazonaws.com/flux_finalized/00075-668836860.png,"[0, 0, 0, 0, 0, 0, 0, 0, 0, 8, 0, 0, 0, 0, 0, 0]"
"two girls , both dressed in pink , swinging on sunlight day with the trees casting random shadows on the remainder of the park like setting .",https://derrickversion5.s3.amazonaws.com/flux_finalized/00076-1614771519.png,"[0, 4, 0, 0, 0, 0, 0, 0, 4, 0, 0, 0, 0, 0, 0, 0]"
a teenager drinks directly out of the metal milkshake serving cup .,https://derrickversion5.s3.amazonaws.com/flux_finalized/00077-3634355751.png,"[0, 0, 0, 0, 0, 6, 0, 0, 0, 0, 0, 0, 2, 0, 0, 0]"
a man is enjoying meal and drink .,https://derrickversion5.s3.amazonaws.com/flux_finalized/00078-4216483520.png,"[0, 0, 0, 0, 0, 0, 0, 0, 0, 0, 0, 0, 8, 0, 0, 0]"
a man drives a truck while a child sits and steers .,https://derrickversion5.s3.amazonaws.com/flux_finalized/00079-2976762510.png,"[2, 0, 0, 0, 0, 0, 0, 0, 0, 0, 0, 0, 0, 6, 0, 0]"
an asian man sells a hot confection.,https://derrickversion5.s3.amazonaws.com/flux_finalized/00080-1245594417.png,"[4, 0, 0, 0, 0, 0, 0, 0, 0, 0, 4, 0, 0, 0, 0, 0]"
a man singing.,https://derrickversion5.s3.amazonaws.com/flux_finalized/00081-800399774.png,"[0, 0, 6, 0, 0, 0, 0, 2, 0, 0, 0, 0, 0, 0, 0, 0]"
people are rowing a boat .,https://derrickversion5.s3.amazonaws.com/flux_finalized/00082-4185426958.png,"[0, 0, 0, 8, 0, 0, 0, 0, 0, 0, 0, 0, 0, 0, 0, 0]"
a man sleeps while listening to his ipod.,https://derrickversion5.s3.amazonaws.com/flux_finalized/00083-1331077084.png,"[0, 0, 0, 0, 0, 8, 0, 0, 0, 0, 0, 0, 0, 0, 0, 0]"
a greyhound races.,https://derrickversion5.s3.amazonaws.com/flux_finalized/00084-3793983365.png,"[0, 8, 0, 0, 0, 0, 0, 0, 0, 0, 0, 0, 0, 0, 0, 0]"
a man and a woman are examining produce.,https://derrickversion5.s3.amazonaws.com/flux_finalized/00085-1563161411.png,"[0, 0, 0, 0, 0, 2, 6, 0, 0, 0, 0, 0, 0, 0, 0, 0]"
a man in a yellow jacket is skiing.,https://derrickversion5.s3.amazonaws.com/flux_finalized/00086-2854934707.png,"[0, 0, 0, 0, 0, 0, 0, 0, 0, 8, 0, 0, 0, 0, 0, 0]"
a man driving a small golf cart with a crowd watching.,https://derrickversion5.s3.amazonaws.com/flux_finalized/00087-1715999384.png,"[8, 0, 0, 0, 0, 0, 0, 0, 0, 0, 0, 0, 0, 0, 0, 0]"
group of women doing a presentation .,https://derrickversion5.s3.amazonaws.com/flux_finalized/00088-2176705410.png,"[0, 0, 0, 0, 0, 0, 8, 0, 0, 0, 0, 0, 0, 0, 0, 0]"
two dogs are nose to nose while a third dog stands .,https://derrickversion5.s3.amazonaws.com/flux_finalized/00089-3771561046.png,"[0, 6, 0, 0, 2, 0, 0, 0, 0, 0, 0, 0, 0, 0, 0, 0]"
man with gray hair wearing a suit is waiting.,https://derrickversion5.s3.amazonaws.com/flux_finalized/00090-2942167462.png,"[0, 0, 0, 0, 0, 0, 8, 0, 0, 0, 0, 0, 0, 0, 0, 0]"
two men on motorcycles are driving down .,https://derrickversion5.s3.amazonaws.com/flux_finalized/00091-1568811581.png,"[8, 0, 0, 0, 0, 0, 0, 0, 0, 0, 0, 0, 0, 0, 0, 0]"
a runner in black is passing a florist shop .,https://derrickversion5.s3.amazonaws.com/flux_finalized/00092-1523971369.png,"[8, 0, 0, 0, 0, 0, 0, 0, 0, 0, 0, 0, 0, 0, 0, 0]"
"a crowd waits, ready to board .",https://derrickversion5.s3.amazonaws.com/flux_finalized/00093-1135151359.png,"[0, 0, 0, 8, 0, 0, 0, 0, 0, 0, 0, 0, 0, 0, 0, 0]"
brown dog catches a pink ball.,https://derrickversion5.s3.amazonaws.com/flux_finalized/00094-776617146.png,"[0, 2, 0, 0, 6, 0, 0, 0, 0, 0, 0, 0, 0, 0, 0, 0]"
two people are sleeping .,https://derrickversion5.s3.amazonaws.com/flux_finalized/00095-4254873473.png,"[0, 0, 0, 0, 0, 8, 0, 0, 0, 0, 0, 0, 0, 0, 0, 0]"
two guys are rowing a canoe.,https://derrickversion5.s3.amazonaws.com/flux_finalized/00096-2617111060.png,"[0, 0, 0, 8, 0, 0, 0, 0, 0, 0, 0, 0, 0, 0, 0, 0]"
"a man driving a small , open vehicle with a green sign .",https://derrickversion5.s3.amazonaws.com/flux_finalized/00097-1597292621.png,"[8, 0, 0, 0, 0, 0, 0, 0, 0, 0, 0, 0, 0, 0, 0, 0]"
three women and a man are drinking beer .,https://derrickversion5.s3.amazonaws.com/flux_finalized/00098-2096242768.png,"[2, 0, 0, 0, 0, 0, 0, 0, 0, 0, 0, 0, 0, 0, 0, 6]"
a man wearing yellow swimming trunks kneeling,https://derrickversion5.s3.amazonaws.com/flux_finalized/00099-1772674774.png,"[0, 0, 0, 0, 0, 0, 2, 0, 0, 0, 0, 6, 0, 0, 0, 0]"
a man with red pants is skiing .,https://derrickversion5.s3.amazonaws.com/flux_finalized/00100-3701577786.png,"[0, 0, 0, 0, 0, 0, 0, 0, 0, 8, 0, 0, 0, 0, 0, 0]"
a spotted dog catching a ball.,https://derrickversion5.s3.amazonaws.com/flux_finalized/00101-3909638387.png,"[0, 6, 0, 0, 2, 0, 0, 0, 0, 0, 0, 0, 0, 0, 0, 0]"
a chef speaks into a microphone about a mixed salad contained .,https://derrickversion5.s3.amazonaws.com/flux_finalized/00102-335863584.png,"[0, 0, 0, 0, 0, 0, 0, 0, 0, 0, 0, 0, 8, 0, 0, 0]"
a woman is laying down laughing .,https://derrickversion5.s3.amazonaws.com/flux_finalized/00103-3414158353.png,"[0, 0, 0, 0, 0, 6, 0, 0, 0, 0, 0, 2, 0, 0, 0, 0]"
three women speak to each other.,https://derrickversion5.s3.amazonaws.com/flux_finalized/00104-2082107189.png,"[0, 0, 0, 0, 0, 8, 0, 0, 0, 0, 0, 0, 0, 0, 0, 0]"
dancers practicing their dance routines .,https://derrickversion5.s3.amazonaws.com/flux_finalized/00105-4165589863.png,"[0, 0, 8, 0, 0, 0, 0, 0, 0, 0, 0, 0, 0, 0, 0, 0]"
two furry light brown dogs lying.,https://derrickversion5.s3.amazonaws.com/flux_finalized/00106-405318408.png,"[0, 0, 0, 0, 0, 8, 0, 0, 0, 0, 0, 0, 0, 0, 0, 0]"
a dog wearing a t-shirt is lying.,https://derrickversion5.s3.amazonaws.com/flux_finalized/00107-3844114133.png,"[0, 0, 0, 0, 0, 8, 0, 0, 0, 0, 0, 0, 0, 0, 0, 0]"
a man is giving a presentation.,https://derrickversion5.s3.amazonaws.com/flux_finalized/00108-1284725369.png,"[0, 0, 0, 0, 0, 0, 8, 0, 0, 0, 0, 0, 0, 0, 0, 0]"
all these people are enjoying a dance party .,https://derrickversion5.s3.amazonaws.com/flux_finalized/00109-2559010307.png,"[0, 0, 8, 0, 0, 0, 0, 0, 0, 0, 0, 0, 0, 0, 0, 0]"
a young boy wearing a dark blue hat sleeps.,https://derrickversion5.s3.amazonaws.com/flux_finalized/00110-3395332724.png,"[0, 0, 0, 0, 0, 8, 0, 0, 0, 0, 0, 0, 0, 0, 0, 0]"
an old woman is selling produce.,https://derrickversion5.s3.amazonaws.com/flux_finalized/00111-1437358180.png,"[4, 0, 0, 0, 0, 0, 0, 0, 0, 0, 4, 0, 0, 0, 0, 0]"
"a ruddy infant lies with his eyes closed , his mouth open , and his arm extended .",https://derrickversion5.s3.amazonaws.com/flux_finalized/00112-75688043.png,"[0, 0, 0, 0, 0, 6, 0, 0, 0, 0, 0, 2, 0, 0, 0, 0]"
a man in a white shirt uses a blackboard as others sit watching .,https://derrickversion5.s3.amazonaws.com/flux_finalized/00113-3236394876.png,"[0, 0, 0, 0, 0, 0, 8, 0, 0, 0, 0, 0, 0, 0, 0, 0]"
a man rowing.,https://derrickversion5.s3.amazonaws.com/flux_finalized/00114-1490474995.png,"[0, 0, 0, 8, 0, 0, 0, 0, 0, 0, 0, 0, 0, 0, 0, 0]"
a korean woman is enjoying a meal.,https://derrickversion5.s3.amazonaws.com/flux_finalized/00115-957414650.png,"[0, 0, 0, 0, 0, 4, 0, 0, 0, 0, 0, 0, 4, 0, 0, 0]"
a man grilling meat.,https://derrickversion5.s3.amazonaws.com/flux_finalized/00116-1749331656.png,"[0, 2, 0, 0, 2, 0, 0, 0, 4, 0, 0, 0, 0, 0, 0, 0]"
two girls and three boys are presenting.,https://derrickversion5.s3.amazonaws.com/flux_finalized/00117-2503908616.png,"[0, 0, 0, 0, 0, 0, 8, 0, 0, 0, 0, 0, 0, 0, 0, 0]"
asian students are examining sheets of paper while standing .,https://derrickversion5.s3.amazonaws.com/flux_finalized/00118-3157599220.png,"[0, 0, 0, 0, 0, 0, 8, 0, 0, 0, 0, 0, 0, 0, 0, 0]"
a man in a dark shirt is making a presentation.,https://derrickversion5.s3.amazonaws.com/flux_finalized/00119-285446170.png,"[0, 0, 0, 0, 0, 0, 2, 0, 0, 0, 0, 6, 0, 0, 0, 0]"
four people in black shirts giving a presentation to a room full of people using a big projector image .,https://derrickversion5.s3.amazonaws.com/flux_finalized/00120-4128467630.png,"[0, 0, 0, 0, 0, 0, 8, 0, 0, 0, 0, 0, 0, 0, 0, 0]"
two women in black enjoying a lunch.,https://derrickversion5.s3.amazonaws.com/flux_finalized/00121-1829916244.png,"[0, 0, 0, 0, 0, 4, 0, 0, 0, 0, 0, 0, 4, 0, 0, 0]"
a boy and girl child swing together .,https://derrickversion5.s3.amazonaws.com/flux_finalized/00122-929599261.png,"[0, 2, 0, 0, 2, 0, 0, 0, 4, 0, 0, 0, 0, 0, 0, 0]"
an older man and women are using computers.,https://derrickversion5.s3.amazonaws.com/flux_finalized/00123-4033052134.png,"[0, 0, 0, 0, 0, 8, 0, 0, 0, 0, 0, 0, 0, 0, 0, 0]"
three girls or friends having drinks laughing .,https://derrickversion5.s3.amazonaws.com/flux_finalized/00124-2398347319.png,"[0, 0, 0, 0, 0, 0, 0, 0, 0, 0, 0, 0, 8, 0, 0, 0]"
a well dressed young woman waits for the train while a man busy writing something .,https://derrickversion5.s3.amazonaws.com/flux_finalized/00125-3312579217.png,"[0, 0, 0, 0, 0, 0, 0, 0, 0, 0, 0, 0, 0, 8, 0, 0]"
buff african american man waits for subway.,https://derrickversion5.s3.amazonaws.com/flux_finalized/00126-166124780.png,"[2, 0, 0, 0, 0, 0, 0, 0, 0, 0, 0, 0, 0, 6, 0, 0]"
a man in a suit and tie is speaking.,https://derrickversion5.s3.amazonaws.com/flux_finalized/00127-663165899.png,"[0, 0, 0, 0, 0, 2, 4, 0, 0, 0, 0, 2, 0, 0, 0, 0]"
"people swing on a red , metal amusement park ride.",https://derrickversion5.s3.amazonaws.com/flux_finalized/00128-3943720626.png,"[0, 8, 0, 0, 0, 0, 0, 0, 0, 0, 0, 0, 0, 0, 0, 0]"
a man is using his computer while seated.,https://derrickversion5.s3.amazonaws.com/flux_finalized/00129-3072084914.png,"[0, 0, 0, 0, 0, 6, 2, 0, 0, 0, 0, 0, 0, 0, 0, 0]"
a man and woman enjoying dinner.,https://derrickversion5.s3.amazonaws.com/flux_finalized/00130-1922693547.png,"[0, 0, 0, 0, 0, 0, 0, 0, 0, 0, 0, 0, 8, 0, 0, 0]"
a group of people lie close together.,https://derrickversion5.s3.amazonaws.com/flux_finalized/00131-366016842.png,"[0, 2, 0, 0, 4, 2, 0, 0, 0, 0, 0, 0, 0, 0, 0, 0]"
"an impoverished person , wearing a torn brown shirt and no shoes , is kneeling down .",https://derrickversion5.s3.amazonaws.com/flux_finalized/00132-4036362978.png,"[0, 0, 0, 0, 0, 0, 0, 0, 0, 4, 0, 0, 0, 0, 4, 0]"
a woman with a peace symbol grills vegetables,https://derrickversion5.s3.amazonaws.com/flux_finalized/00133-1914529728.png,"[0, 2, 0, 0, 0, 0, 0, 0, 6, 0, 0, 0, 0, 0, 0, 0]"
a man grilling three pieces of salmon.,https://derrickversion5.s3.amazonaws.com/flux_finalized/00134-1212596683.png,"[0, 2, 0, 0, 0, 0, 0, 0, 6, 0, 0, 0, 0, 0, 0, 0]"
