Object Key,image_url
00000-355.png,https://derrickbucketversion4.s3.us-east-1.amazonaws.com/00000-355.png
00001-355.png,https://derrickbucketversion4.s3.us-east-1.amazonaws.com/00001-355.png
00002-355.png,https://derrickbucketversion4.s3.us-east-1.amazonaws.com/00002-355.png
00003-355.png,https://derrickbucketversion4.s3.us-east-1.amazonaws.com/00003-355.png
00004-355.png,https://derrickbucketversion4.s3.us-east-1.amazonaws.com/00004-355.png
_06b30d97-980d-4667-862b-f8e2487909eb.png,https://derrickbucketversion4.s3.us-east-1.amazonaws.com/_06b30d97-980d-4667-862b-f8e2487909eb.png
_17b1c929-3461-4dd3-8f51-77da750e0bc4.png,https://derrickbucketversion4.s3.us-east-1.amazonaws.com/_17b1c929-3461-4dd3-8f51-77da750e0bc4.png
_3b0220f0-9530-4f73-9c80-f7dbbde04194.png,https://derrickbucketversion4.s3.us-east-1.amazonaws.com/_3b0220f0-9530-4f73-9c80-f7dbbde04194.png
_a07417f5-f0a9-4ae9-9a82-cc851a9d7732.png,https://derrickbucketversion4.s3.us-east-1.amazonaws.com/_a07417f5-f0a9-4ae9-9a82-cc851a9d7732.png
_f4f9fa8b-b064-48c7-87d0-87c244f627af.png,https://derrickbucketversion4.s3.us-east-1.amazonaws.com/_f4f9fa8b-b064-48c7-87d0-87c244f627af.png
egk265_57814_a_man_in_black_approaches_a_strange_silver_objec_e727faa2-0969-4f58-9cf2-eb478f4e62f8_0.png,https://derrickbucketversion4.s3.us-east-1.amazonaws.com/egk265_57814_a_man_in_black_approaches_a_strange_silver_objec_e727faa2-0969-4f58-9cf2-eb478f4e62f8_0.png
egk265_57814_a_man_with_black_hair_sits_in_a_restaurant_with__0187ca36-8a05-4cfd-b329-76c97bfaf2e8_3.png,https://derrickbucketversion4.s3.us-east-1.amazonaws.com/egk265_57814_a_man_with_black_hair_sits_in_a_restaurant_with__0187ca36-8a05-4cfd-b329-76c97bfaf2e8_3.png
egk265_57814_a_person_in_tan_pants_is_inside_a_silver_mobile__b680eef6-00bf-4900-bb01-f94dd7d3823f_3.png,https://derrickbucketversion4.s3.us-east-1.amazonaws.com/egk265_57814_a_person_in_tan_pants_is_inside_a_silver_mobile__b680eef6-00bf-4900-bb01-f94dd7d3823f_3.png
egk265_57814_man_wearing_a_blue_and_white_outfit__holding_a_b_39ce5757-af69-4a67-994f-6b6810f74641_3.png,https://derrickbucketversion4.s3.us-east-1.amazonaws.com/egk265_57814_man_wearing_a_blue_and_white_outfit__holding_a_b_39ce5757-af69-4a67-994f-6b6810f74641_3.png
egk265_57814_several_men_in_hard_hats_are_operating_a_giant_p_55b6e819-76b2-4e0d-9174-ad905386951d_0.png,https://derrickbucketversion4.s3.us-east-1.amazonaws.com/egk265_57814_several_men_in_hard_hats_are_operating_a_giant_p_55b6e819-76b2-4e0d-9174-ad905386951d_0.png
